1720,1714730974.836572,2E 29 F8 F9 FF FE 00 00
452984848,1714730974.8453798,10 50 04 41 00 08 01 00
1122,1714730974.86462,00 00 08 00 00 01 00 00
779,1714730974.8799696,3F 01 00 00 18 00 00 58
960,1714730974.8903985,48 0D 07 00
1635,1714730974.9270787,60 7F 00 0F 1F 00 40 E0
1413,1714730974.927298,7F AC 02 C4 23 08 01 00
1156,1714730974.9345932,FE FB EF BF FF FE 03 40
1157,1714730974.9445472,00 C3 2F 0F 0D 04 23 56
1158,1714730974.9546187,00 00 00 00 00 00 00 00
960,1714730974.990569,B8 0E 07 00
1716,1714730974.9914625,00 C9 6B 7C 8C 42 41 55
1719,1714730975.013145,04 00 D0 FF 3F 7E C0 FE
1122,1714730975.0147045,00 00 08 00 00 01 00 00
1635,1714730975.0271027,60 7F 00 0F 1F 00 40 E0
452984848,1714730975.045356,10 50 04 41 00 08 01 00
779,1714730975.0800014,3F 05 00 00 18 00 00 58
960,1714730975.090764,0D 0F 07 00
401604624,1714730975.1271484,28 10 8D FE FF FF 02 9F
1527,1714730975.1273994,80 FF FF FF FF FF E7 FF
1635,1714730975.127623,60 7F 00 0F 1F 00 40 E0
1156,1714730975.1346219,FE FB EF BF FF FE 03 40
1157,1714730975.1445765,00 C3 2F 0F 0D 04 23 56
1158,1714730975.1546242,00 00 00 00 00 00 00 00
1122,1714730975.1646724,00 00 08 00 00 01 00 00
401604848,1714730975.1751893,20 F0 00 00 14 1E 02 80
441799980,1714730975.1763048,00 00 00 00 00 00 00 00
441800007,1714730975.1769786,00 C0 06 00 00 00 00 00
960,1714730975.1909347,4C 00 07 00
1716,1714730975.1913552,02 37 31 30 30 39 32 31
1635,1714730975.227108,60 7F 00 0F 1F 00 40 E0
452984848,1714730975.2453876,10 50 04 41 00 08 01 00
779,1714730975.2799802,3F 09 00 00 18 00 00 58
960,1714730975.291114,F9 01 07 00
1122,1714730975.314881,00 00 08 00 00 01 00 00
441799848,1714730975.3166933,0C FE FF FF E7 FF FF 7F
1635,1714730975.3271115,60 7F 00 0F 1F 00 40 E0
1156,1714730975.3346105,FE FB EF BF FF FE 03 40
1157,1714730975.3445778,00 C3 2F 0F 0D 04 23 56
1158,1714730975.3546295,00 00 00 00 00 00 00 00
1720,1714730975.3553839,2E 29 F8 F9 FF FE 00 00
960,1714730975.391311,09 02 07 00
1716,1714730975.3917367,00 C9 6B 7C 8C 42 41 55
389231376,1714730975.405156,3C C4 0A
1635,1714730975.4271135,60 7F 00 0F 1F 00 40 E0
452984848,1714730975.4453936,10 50 04 41 00 08 01 00
879,1714730975.457179,01 00 00 00 00 00 00 08
884,1714730975.4591925,89 0F 00 00 E8 A3 8F 3E
1122,1714730975.4646728,00 00 08 00 00 01 00 00
886,1714730975.4661798,D1 A7 4F 9F 7E DF EB F7
888,1714730975.4671288,F9 FF FF FF F2 00 00 00
891,1714730975.4692283,0E 04 23 56 1A 03 04 00
1364,1714730975.4701977,12 0D 80 36 00 00 00 00
779,1714730975.4799864,3F 0D 00 00 18 00 00 58
960,1714730975.4914553,BC 03 07 00
1635,1714730975.5271168,60 7F 00 0F 1F 00 40 E0
1156,1714730975.5346107,FE FB EF BF FF FE 03 40
1157,1714730975.5445914,00 C3 2F 0F 0E 04 23 56
441800008,1714730975.5471177,FF FF FF FF FF FF FF 13
1158,1714730975.5546327,00 00 00 00 00 00 00 00
960,1714730975.591591,C6 04 07 00
1716,1714730975.592038,01 4E 45 45 34 4D 5A 31
1122,1714730975.6147544,00 00 08 00 00 01 00 00
1714,1714730975.6270936,00 04 00 30 39 26 3C 21
1527,1714730975.627362,80 FF FF FF FF FF E7 FF
401604624,1714730975.6276367,28 10 8D FE FF FF 02 9F
1635,1714730975.6278615,60 7F 00 0F 1F 00 40 E0
452984848,1714730975.6453648,10 50 04 41 00 08 01 00
401604848,1714730975.677113,20 F0 00 00 14 1E 02 80
441800007,1714730975.678186,00 C0 06 00 00 00 00 00
779,1714730975.6800134,3F 01 00 00 18 00 00 58
960,1714730975.6917775,73 05 07 00
1603,1714730975.7173674,00 02 00 00 00 00 00 00
1635,1714730975.7271879,60 7F 00 0F 1F 00 40 E0
1156,1714730975.7346733,FE FB EF BF FF FE 03 40
1157,1714730975.7445817,00 C3 2F 0F 0E 04 23 56
1158,1714730975.7546804,00 00 00 00 00 00 00 00
1122,1714730975.7646873,00 00 08 00 00 01 00 00
960,1714730975.7919588,83 06 07 00
1716,1714730975.7924042,00 C9 6B 7C 8C 42 41 55
441799848,1714730975.8155434,01 00 FF 3F 8F E7 22 56
1635,1714730975.8271246,60 7F 00 0F 1F 00 40 E0
452984848,1714730975.8454125,10 50 04 41 00 08 01 00
1720,1714730975.8730404,2E 29 F8 F9 FF FE 00 00
779,1714730975.879997,3F 04 00 00 18 00 00 58
960,1714730975.892105,36 07 07 00
1122,1714730975.9149342,00 00 08 00 00 01 00 00
1635,1714730975.9271076,60 7F 00 0F 1F 00 40 E0
1413,1714730975.92737,7F AC 02 C4 23 08 01 00
1156,1714730975.9348307,FE FB EF BF FF FE 03 40
1157,1714730975.9445868,00 C3 2F 0F 0E 04 23 56
1158,1714730975.9546456,00 00 00 00 00 00 00 00
960,1714730975.9922705,77 08 07 00
1716,1714730975.993171,02 37 31 30 30 39 32 31
1635,1714730976.02713,60 7F 00 0F 1F 00 40 E0
452984848,1714730976.0454178,10 50 04 41 00 08 01 00
1719,1714730976.046642,04 00 D0 FF 3F 7E C0 FE
1122,1714730976.0646927,00 00 08 00 00 01 00 00
779,1714730976.0800202,3F 08 00 00 18 00 00 58
960,1714730976.0924444,C2 09 07 00
401604624,1714730976.1271722,28 10 8D FE FF FF 02 9F
1527,1714730976.1274304,80 FF FF FF FF FF E7 FF
1635,1714730976.1276507,60 7F 00 0F 1F 00 40 E0
1156,1714730976.1346524,FE FB EF BF FF FE 03 40
1157,1714730976.1447542,00 C3 2F 0F 0E 04 23 56
1158,1714730976.1546512,00 00 00 00 00 00 00 00
401604848,1714730976.177177,20 F0 00 00 14 1E 02 80
441799980,1714730976.1782296,00 00 00 00 00 00 00 00
441800007,1714730976.179,00 C0 06 00 00 00 00 00
960,1714730976.1926877,32 0A 07 00
1716,1714730976.193142,00 C9 6B 7C 8C 42 41 55
1122,1714730976.2147298,00 00 08 00 00 01 00 00
1635,1714730976.2271352,60 7F 00 0F 1F 00 40 E0
452984848,1714730976.2454233,10 50 04 41 00 08 01 00
779,1714730976.2800076,3F 0C 00 00 18 00 00 58
960,1714730976.2927637,87 0B 07 00
441799848,1714730976.3162122,08 FE FF FF E7 FF FF 7F
1635,1714730976.327117,60 7F 00 0F 1F 00 40 E0
1156,1714730976.3345926,FE FB EF BF FF FE 03 40
1157,1714730976.3445904,00 C3 2F 0F 0E 04 23 56
1158,1714730976.354614,00 00 00 00 00 00 00 00
1122,1714730976.364699,00 00 08 00 00 01 00 00
1720,1714730976.3865752,2E 29 F8 F9 FF FE 00 00
960,1714730976.3929365,FD 0C 07 00
1716,1714730976.3934276,01 4E 45 45 34 4D 5A 31
389231376,1714730976.4071832,3C CD 10
1635,1714730976.4271407,60 7F 00 0F 1F 00 40 E0
452984848,1714730976.4454288,10 50 04 41 00 08 01 00
879,1714730976.4572587,02 00 00 00 00 00 00 08
884,1714730976.4584823,86 0F 00 00 E8 A3 8F 3E
886,1714730976.4601557,D2 A7 4F 9F 7E DF EB F7
888,1714730976.4661605,FA FF FF FF F2 00 00 00
891,1714730976.4673402,0F 04 23 56 22 03 08 00
1364,1714730976.4685137,12 0D 80 56 00 00 00 00
779,1714730976.4800596,3F 00 00 00 18 00 00 58
960,1714730976.4931188,48 0D 07 00
441800008,1714730976.5071626,FF FF FF FF FF FF FF 13
1122,1714730976.515666,00 00 08 00 00 01 00 00
1635,1714730976.5271437,60 7F 00 0F 1F 00 40 E0
1156,1714730976.5346408,FE FB EF BF FF FE 03 40
1157,1714730976.5445583,00 C3 2F 0F 0F 04 23 56
1158,1714730976.5546622,00 00 00 00 00 00 00 00
960,1714730976.5933435,B8 0E 07 00
1716,1714730976.5937757,00 C9 6B 7C 8C 42 41 55
1714,1714730976.6271255,00 04 00 30 39 26 BC 21
1527,1714730976.6273973,80 FF FF FF FF FF E7 FF
401604624,1714730976.6276748,28 10 8D FE FF FF 02 9F
1635,1714730976.6279328,60 7F 00 0F 1F 00 40 E0
452984848,1714730976.6454377,10 50 04 41 00 08 01 00
1122,1714730976.6648738,00 00 08 00 00 01 00 00
401604848,1714730976.6791368,20 F0 00 00 14 1E 02 80
779,1714730976.6800456,3F 04 00 00 18 00 00 58
441800007,1714730976.6803446,00 C0 06 00 00 00 00 00
960,1714730976.69349,0D 0F 07 00
1635,1714730976.727149,60 7F 00 0F 1F 00 40 E0
1156,1714730976.7346423,FE FB EF BF FF FE 03 40
1157,1714730976.7447257,00 C3 2F 0F 0F 04 23 56
1603,1714730976.7484014,00 02 00 00 00 00 00 00
1158,1714730976.7546675,00 00 00 00 00 00 00 00
960,1714730976.7936492,4C 00 07 00
1716,1714730976.7941108,02 37 31 30 30 39 32 31
1122,1714730976.8147447,00 00 08 00 00 01 00 00
441799848,1714730976.8156726,05 00 FF 3F 8F E7 22 56
1635,1714730976.8271492,60 7F 00 0F 1F 00 40 E0
452984848,1714730976.845483,10 50 04 41 00 08 01 00
779,1714730976.8800242,3F 08 00 00 18 00 00 58
960,1714730976.8938024,F9 01 07 00
1720,1714730976.9030507,2E 29 F8 F9 FF FE 00 00
1635,1714730976.9271555,60 7F 00 0F 1F 00 40 E0
1413,1714730976.9273984,7F AC 02 C4 23 08 01 00
1156,1714730976.934637,FE FB EF BF FF FE 03 40
1157,1714730976.9445643,00 C3 2F 0F 0F 04 23 56
1158,1714730976.9546568,00 00 00 00 00 00 00 00
1122,1714730976.9646778,00 00 08 00 00 01 00 00
960,1714730976.994006,09 02 07 00
1716,1714730976.9948406,00 C9 6B 7C 8C 42 41 55
1635,1714730977.0271573,60 7F 00 0F 1F 00 40 E0
452984848,1714730977.0454445,10 50 04 41 00 08 01 00
1719,1714730977.0791411,04 00 D0 FF 3F 7E C0 FE
779,1714730977.0800555,3F 0C 00 00 18 00 00 58
960,1714730977.0941427,BC 03 07 00
1122,1714730977.1147666,00 00 08 00 00 01 00 00
401604624,1714730977.1272259,28 10 8D FE FF FF 02 9F
1527,1714730977.1274545,80 FF FF FF FF FF E7 FF
1635,1714730977.1277182,60 7F 00 0F 1F 00 40 E0
1156,1714730977.1346288,FE FB EF BF FF FE 03 40
1157,1714730977.144573,00 C3 2F 0F 0F 04 23 56
1158,1714730977.1546354,00 00 00 00 00 00 00 00
401604848,1714730977.1792052,20 F0 00 00 14 1E 02 80
441799980,1714730977.1803598,00 00 00 00 00 00 00 00
441800007,1714730977.1809938,00 C0 06 00 00 00 00 00
960,1714730977.1942985,C6 04 07 00
1716,1714730977.1947587,01 4E 45 45 34 4D 5A 31
1635,1714730977.2271848,60 7F 00 0F 1F 00 40 E0
452984848,1714730977.2454908,10 50 04 41 00 08 01 00
1122,1714730977.2646828,00 00 08 00 00 01 00 00
779,1714730977.280057,3F 00 00 00 18 00 00 58
960,1714730977.2944996,73 05 07 00
441799848,1714730977.3162498,0C FE FF FF E7 FF FF 7F
1635,1714730977.3271875,60 7F 00 0F 1F 00 40 E0
1156,1714730977.3346725,FE FB EF BF FF FE 03 40
1157,1714730977.344616,00 C3 2F 0F 0F 04 23 56
1158,1714730977.3546414,00 00 00 00 00 00 00 00
960,1714730977.3946908,83 06 07 00
1716,1714730977.3951461,00 C9 6B 7C 8C 42 41 55
389231376,1714730977.4092324,3C CE 00 00 00
1122,1714730977.4147706,00 00 08 00 00 01 00 00
1720,1714730977.4190629,2E 29 F8 F9 FF FE 00 00
1635,1714730977.4271684,60 7F 00 0F 1F 00 40 E0
452984848,1714730977.4454985,10 50 04 41 00 08 01 00
879,1714730977.4581492,03 00 00 00 00 00 00 08
884,1714730977.4593678,87 0F 00 00 E8 A3 8F 3E
886,1714730977.4671483,D3 A7 4F 9F 7E DF EB F7
441800008,1714730977.467459,FF FF FF FF FF FF FF 13
888,1714730977.4691916,FB FF FF FF F2 00 00 00
891,1714730977.470416,10 04 23 56 22 03 0C 00
1364,1714730977.4721262,12 0D 80 76 00 00 00 00
779,1714730977.4800763,3F 03 00 00 18 00 00 58
960,1714730977.4948266,36 07 07 00
1635,1714730977.5271711,60 7F 00 0F 1F 00 40 E0
1156,1714730977.5346394,FE FB EF BF FF FE 03 40
1157,1714730977.544621,00 C3 2F 0F 10 04 23 56
1158,1714730977.5546467,00 00 00 00 00 00 00 00
1122,1714730977.5646925,00 00 08 00 00 01 00 00
960,1714730977.595,77 08 07 00
1716,1714730977.5955126,02 37 31 30 30 39 32 31
1714,1714730977.6271966,00 04 00 30 39 26 3C 22
1527,1714730977.627417,80 FF FF FF FF FF E7 FF
401604624,1714730977.6276915,28 10 8D FE FF FF 02 9F
1635,1714730977.6279595,60 7F 00 0F 1F 00 40 E0
452984848,1714730977.6455185,10 50 04 41 00 08 01 00
779,1714730977.6801105,3F 07 00 00 18 00 00 58
401604848,1714730977.6811407,20 F0 00 00 14 1E 02 80
441800007,1714730977.6822,00 C0 06 00 00 00 00 00
960,1714730977.695422,C2 09 07 00
1122,1714730977.7147992,00 00 08 00 00 01 00 00
1635,1714730977.7271988,60 7F 00 0F 1F 00 40 E0
1156,1714730977.7346742,FE FB EF BF FF FE 03 40
1157,1714730977.7446167,00 C3 2F 0F 10 04 23 56
1158,1714730977.7546523,00 00 00 00 00 00 00 00
1603,1714730977.7764275,00 02 00 00 00 00 00 00
960,1714730977.795634,32 0A 07 00
1716,1714730977.7958434,00 C9 6B 7C 8C 42 41 55
441799848,1714730977.8155065,01 00 FF 3F 8F E7 22 56
1635,1714730977.8272016,60 7F 00 0F 1F 00 40 E0
452984848,1714730977.8454971,10 50 04 41 00 08 01 00
1122,1714730977.864704,00 00 08 00 00 01 00 00
779,1714730977.880116,3F 0B 00 00 18 00 00 58
960,1714730977.8955145,87 0B 07 00
1635,1714730977.9271824,60 7F 00 0F 1F 00 40 E0
1413,1714730977.9274247,7F AC 02 C4 23 08 01 00
1720,1714730977.9311023,2E 29 F8 F9 FF FE 00 00
1156,1714730977.934655,FE FB EF BF FF FE 03 40
1157,1714730977.9446602,00 C3 2F 0F 10 04 23 56
1158,1714730977.9546578,00 00 00 00 00 00 00 00
960,1714730977.9957047,FD 0C 07 00
1716,1714730977.9965608,01 4E 45 45 34 4D 5A 31
1122,1714730978.0147774,00 00 08 00 00 01 00 00
1635,1714730978.0272288,60 7F 00 0F 1F 00 40 E0
452984848,1714730978.0455143,10 50 04 41 00 08 01 00
779,1714730978.0801005,3F 0F 00 00 18 00 00 58
960,1714730978.0958612,48 0D 07 00
1719,1714730978.1031363,04 00 D0 FF 3F 7E C0 FE
401604624,1714730978.1272533,28 10 8D FE FF FF 02 9F
1527,1714730978.1275084,80 FF FF FF FF FF E7 FF
1635,1714730978.127748,60 7F 00 0F 1F 00 40 E0
1156,1714730978.134655,FE FB EF BF FF FE 03 40
1157,1714730978.144639,00 C3 2F 0F 10 04 23 56
1158,1714730978.1546628,00 00 00 00 00 00 00 00
1122,1714730978.164709,00 00 08 00 00 01 00 00
401604848,1714730978.1811643,20 F0 00 00 14 1E 02 80
441799980,1714730978.1823099,00 00 00 00 00 00 00 00
441800007,1714730978.1829965,00 C0 06 00 00 00 00 00
960,1714730978.196038,B8 0E 07 00
1716,1714730978.1964915,00 C9 6B 7C 8C 42 41 55
1635,1714730978.2272332,60 7F 00 0F 1F 00 40 E0
452984848,1714730978.2455163,10 50 04 41 00 08 01 00
779,1714730978.280105,3F 03 00 00 18 00 00 58
960,1714730978.2962494,0D 0F 07 00
1122,1714730978.3147776,00 00 08 00 00 01 00 00
441799848,1714730978.3169672,08 FE FF FF E7 FF FF 7F
1635,1714730978.3272357,60 7F 00 0F 1F 00 40 E0
1156,1714730978.3346605,FE FB EF BF FF FE 03 40
1157,1714730978.3446126,00 C3 2F 0F 10 04 23 56
1158,1714730978.3546681,00 00 00 00 00 00 00 00
960,1714730978.39643,4C 00 07 00
1716,1714730978.3968425,02 37 31 30 30 39 32 31
389231376,1714730978.4111953,3C CF 00
441800008,1714730978.4272664,FF FF FF FF FF FF FF 13
1635,1714730978.4275162,60 7F 00 0F 1F 00 40 E0
1720,1714730978.4400675,2E 29 F8 F9 FF FE 00 00
452984848,1714730978.4455137,10 50 04 41 00 08 01 00
879,1714730978.4571323,00 00 00 00 00 00 00 08
884,1714730978.4641752,98 0F 00 00 E8 A3 8F 3E
1122,1714730978.4647348,00 00 08 00 00 01 00 00
886,1714730978.4661758,D0 A7 4F 9F 7E DF EB F7
888,1714730978.4691544,F8 FF FF FF F2 00 00 00
891,1714730978.4713016,11 04 23 56 22 03 00 00
1364,1714730978.4731288,12 0E 80 16 00 00 00 00
779,1714730978.480111,3F 07 00 00 18 00 00 58
960,1714730978.4965315,F9 01 07 00
1635,1714730978.5272412,60 7F 00 0F 1F 00 40 E0
1156,1714730978.5346715,FE FB EF BF FF FE 03 40
1157,1714730978.5446584,00 C3 2F 0F 11 04 23 56
1158,1714730978.554674,00 00 00 00 00 00 00 00
960,1714730978.5967207,09 02 07 00
1716,1714730978.5971842,00 C9 6B 7C 8C 42 41 55
1122,1714730978.6147838,00 00 08 00 00 01 00 00
1714,1714730978.627201,00 04 00 30 39 26 BC 22
1527,1714730978.627488,80 FF FF FF FF FF E7 FF
401604624,1714730978.6277602,28 10 8D FE FF FF 02 9F
1635,1714730978.6279786,60 7F 00 0F 1F 00 40 E0
452984848,1714730978.645523,10 50 04 41 00 08 01 00
779,1714730978.680117,3F 0B 00 00 18 00 00 58
401604848,1714730978.6831183,20 F0 00 00 14 1E 02 80
441800007,1714730978.6842022,00 C0 06 00 00 00 00 00
960,1714730978.6968696,BC 03 07 00
1635,1714730978.7272468,60 7F 00 0F 1F 00 40 E0
1156,1714730978.7346826,FE FB EF BF FF FE 03 40
1157,1714730978.7446153,00 C3 2F 0F 11 04 23 56
1158,1714730978.7546792,00 00 00 00 00 00 00 00
1122,1714730978.764723,00 00 08 00 00 01 00 00
960,1714730978.797028,C6 04 07 00
1716,1714730978.7974951,01 4E 45 45 34 4D 5A 31
1603,1714730978.798443,00 02 00 00 00 00 00 00
441799848,1714730978.815562,05 00 FF 3F 8F E7 22 56
1635,1714730978.8272495,60 7F 00 0F 1F 00 40 E0
452984848,1714730978.8455615,10 50 04 41 00 08 01 00
779,1714730978.8801274,3F 0F 00 00 18 00 00 58
960,1714730978.8972135,73 05 07 00
1122,1714730978.9148035,00 00 08 00 00 01 00 00
1635,1714730978.927252,60 7F 00 0F 1F 00 40 E0
1413,1714730978.92746,7F AC 02 C4 23 08 01 00
1156,1714730978.9346776,FE FB EF BF FF FE 03 40
1157,1714730978.944626,00 C3 2F 0F 11 04 23 56
1720,1714730978.951082,2E 29 F8 F9 FF FE 00 00
1158,1714730978.9546852,00 00 00 00 00 00 00 00
960,1714730978.9974504,83 06 07 00
1716,1714730978.9982562,00 C9 6B 7C 8C 42 41 55
1635,1714730979.0272548,60 7F 00 0F 1F 00 40 E0
452984848,1714730979.0455303,10 50 04 41 00 08 01 00
1122,1714730979.064736,00 00 08 00 00 01 00 00
779,1714730979.0801497,3F 03 00 00 18 00 00 58
960,1714730979.0975533,36 07 07 00
1719,1714730979.1245618,04 00 D0 FF 3F 7E C0 FE
401604624,1714730979.1273196,28 10 8D FE FF FF 02 9F
1527,1714730979.1275403,80 FF FF FF FF FF E7 FF
1635,1714730979.1277714,60 7F 00 0F 1F 00 40 E0
1156,1714730979.1346838,FE FB EF BF FF FE 03 40
1157,1714730979.1446316,00 C3 2F 0F 11 04 23 56
1158,1714730979.15469,00 00 00 00 00 00 00 00
401604848,1714730979.183174,20 F0 00 00 14 1E 02 80
441799980,1714730979.184254,00 00 00 00 00 00 00 00
441800007,1714730979.1849852,00 C0 06 00 00 00 00 00
960,1714730979.1979115,77 08 07 00
1716,1714730979.198358,02 37 31 30 30 39 32 31
1122,1714730979.2148213,00 00 08 00 00 01 00 00
1635,1714730979.2272606,60 7F 00 0F 1F 00 40 E0
452984848,1714730979.2455382,10 50 04 41 00 08 01 00
779,1714730979.2801547,3F 07 00 00 18 00 00 58
960,1714730979.2978842,C2 09 07 00
441799848,1714730979.3164225,0C FE FF FF E7 FF FF 7F
1635,1714730979.3272634,60 7F 00 0F 1F 00 40 E0
1156,1714730979.3346896,FE FB EF BF FF FE 03 40
1157,1714730979.3446317,00 C3 2F 0F 11 04 23 56
1158,1714730979.3546956,00 00 00 00 00 00 00 00
1122,1714730979.3647377,00 00 08 00 00 01 00 00
441800008,1714730979.387293,FF FF FF FF FF FF FF 13
960,1714730979.3980515,32 0A 07 00
1716,1714730979.3985088,00 C9 6B 7C 8C 42 41 55
389231376,1714730979.4131987,3C D0 05 00
1635,1714730979.4272661,60 7F 00 0F 1F 00 40 E0
452984848,1714730979.445577,10 50 04 41 00 08 01 00
1720,1714730979.4590807,2E 29 F8 F9 FF FE 00 00
879,1714730979.4671583,00 00 00 00 00 00 00 08
884,1714730979.4721808,B5 0F 00 00 E8 A3 8F 3E
886,1714730979.4741602,D1 A7 4F 9F 7E DF EB F7
888,1714730979.4761176,F9 FF FF FF F2 00 00 00
891,1714730979.478224,12 04 23 56 22 03 04 00
1364,1714730979.480117,12 0E 80 36 00 00 00 00
779,1714730979.4803464,3F 0B 00 00 18 00 00 58
960,1714730979.4982123,87 0B 07 00
1122,1714730979.5148344,00 00 08 00 00 01 00 00
1635,1714730979.5272696,60 7F 00 0F 1F 00 40 E0
1156,1714730979.5346816,FE FB EF BF FF FE 03 40
1157,1714730979.544638,00 C3 2F 0F 11 04 23 56
1158,1714730979.554701,00 00 00 00 00 00 00 00
960,1714730979.5984712,FD 0C 07 00
1716,1714730979.5988348,01 4E 45 45 34 4D 5A 31
1714,1714730979.627247,00 04 00 30 39 26 3C 23
1527,1714730979.627523,80 FF FF FF FF FF E7 FF
401604624,1714730979.6277895,28 10 8D FE FF FF 02 9F
1635,1714730979.6280532,60 7F 00 0F 1F 00 40 E0
452984848,1714730979.645566,10 50 04 41 00 08 01 00
1122,1714730979.6647313,00 00 08 00 00 01 00 00
779,1714730979.6801622,3F 0F 00 00 18 00 00 58
401604848,1714730979.6851232,20 F0 00 00 14 1E 02 80
441800007,1714730979.6861622,00 C0 06 00 00 00 00 00
960,1714730979.6986542,48 0D 07 00
1635,1714730979.7272885,60 7F 00 0F 1F 00 40 E0
1156,1714730979.7347467,FE FB EF BF FF FE 03 40
1157,1714730979.7446609,00 C3 2F 0F 11 04 23 56
1158,1714730979.7547066,00 00 00 00 00 00 00 00
960,1714730979.798733,B8 0E 07 00
1716,1714730979.7991917,00 C9 6B 7C 8C 42 41 55
1122,1714730979.8141954,00 00 08 00 00 01 00 00
441799848,1714730979.8151314,01 00 FF 3F 8F E7 22 56
1603,1714730979.8184323,00 02 00 00 00 00 00 00
1635,1714730979.8272998,60 7F 00 0F 1F 00 40 E0
452984848,1714730979.8455875,10 50 04 41 00 08 01 00
779,1714730979.8801956,3F 03 00 00 18 00 00 58
960,1714730979.898907,0D 0F 07 00
1635,1714730979.9273026,60 7F 00 0F 1F 00 40 E0
1413,1714730979.92753,7F AC 02 C4 23 08 01 00
1156,1714730979.9337106,FE FB EF BF FF FE 03 40
1157,1714730979.9436417,00 C3 2F 0F 11 04 23 56
1158,1714730979.953751,00 00 00 00 00 00 00 00
1122,1714730979.9637628,00 00 08 00 00 01 00 00
1720,1714730979.9720883,2E 29 F8 F9 FF FE 00 00
960,1714730979.9990911,4C 00 07 00
1716,1714730979.9999745,02 37 31 30 30 39 32 31
1635,1714730980.0272825,60 7F 00 0F 1F 00 40 E0
452984848,1714730980.045581,10 50 04 41 00 08 01 00
779,1714730980.0801976,3F 06 00 00 18 00 00 58
960,1714730980.099262,F9 01 07 00
1122,1714730980.1138284,00 00 08 00 00 01 00 00
401604624,1714730980.127333,28 10 8D FE FF FF 02 9F
1527,1714730980.1275885,80 FF FF FF FF FF E7 FF
1635,1714730980.1278703,60 7F 00 0F 1F 00 40 E0
1156,1714730980.1337345,FE FB EF BF FF FE 03 40
1157,1714730980.1436393,00 C3 2F 0F 11 04 23 56
1719,1714730980.1442213,04 00 D0 FF 3F 7E C0 FE
1158,1714730980.1537137,00 00 00 00 00 00 00 00
401604848,1714730980.1851337,20 F0 00 00 14 1E 02 80
441799980,1714730980.1862006,00 00 00 00 00 00 00 00
441800007,1714730980.186973,00 C0 06 00 00 00 00 00
960,1714730980.1994836,09 02 07 00
1716,1714730980.1998878,00 C9 6B 7C 8C 42 41 55
1635,1714730980.2272878,60 7F 00 0F 1F 00 40 E0
452984848,1714730980.2455866,10 50 04 41 00 08 01 00
1122,1714730980.263774,00 00 08 00 00 01 00 00
779,1714730980.2801821,3F 0A 00 00 18 00 00 58
960,1714730980.2995892,BC 03 07 00
441799848,1714730980.3156574,08 FE FF FF E7 FF FF 7F
1635,1714730980.3273134,60 7F 00 0F 1F 00 40 E0
1156,1714730980.33374,FE FB EF BF FF FE 03 40
1157,1714730980.3436952,00 C3 2F 0F 11 04 23 56
441800008,1714730980.3473172,FF FF FF FF FF FF FF 13
1158,1714730980.3537188,00 00 00 00 00 00 00 00
960,1714730980.3997488,C6 04 07 00
1716,1714730980.4002066,01 4E 45 45 34 4D 5A 31
1122,1714730980.4138353,00 00 08 00 00 01 00 00
389231376,1714730980.4152932,80 08 3C D1 00 00 00 00
1635,1714730980.4272933,60 7F 00 0F 1F 00 40 E0
452984848,1714730980.445598,10 50 04 41 00 08 01 00
879,1714730980.4571443,02 00 00 00 00 00 00 08
884,1714730980.459191,86 0F 00 00 E8 A3 8F 3E
886,1714730980.4652514,D2 A7 4F 9F 7E DF EB F7
389231376,1714730980.4655843,C0 00 00 00 00
888,1714730980.46662,FA FF FF FF F2 00 00 00
891,1714730980.4681702,13 04 23 56 22 03 08 00
1364,1714730980.4691832,12 0D 80 56 00 00 00 00
779,1714730980.4801836,3F 0E 00 00 18 00 00 58
1720,1714730980.4811096,2E 29 F8 F9 FF FE 00 00
960,1714730980.4999394,73 05 07 00
1635,1714730980.527318,60 7F 00 0F 1F 00 40 E0
1156,1714730980.5337393,FE FB EF BF FF FE 03 40
1157,1714730980.5436606,00 C3 2F 0F 13 04 23 56
1158,1714730980.5537243,00 00 00 00 00 00 00 00
1122,1714730980.5637796,00 00 08 00 00 01 00 00
960,1714730980.6001263,83 06 07 00
1716,1714730980.6005743,00 C9 6B 7C 8C 42 41 55
1714,1714730980.6272984,00 04 00 30 39 26 BC 23
1527,1714730980.6275496,80 FF FF FF FF FF E7 FF
401604624,1714730980.6278598,28 10 8D FE FF FF 02 9F
1635,1714730980.6280804,60 7F 00 0F 1F 00 40 E0
452984848,1714730980.645594,10 50 04 41 00 08 01 00
779,1714730980.6802218,3F 02 00 00 18 00 00 58
401604848,1714730980.6871285,20 F0 00 00 14 1E 02 80
441800007,1714730980.688193,00 C0 06 00 00 00 00 00
960,1714730980.700313,36 07 07 00
1122,1714730980.7138379,00 00 08 00 00 01 00 00
1635,1714730980.7273288,60 7F 00 0F 1F 00 40 E0
1156,1714730980.7337253,FE FB EF BF FF FE 03 40
1157,1714730980.74365,00 C3 2F 0F 13 04 23 56
1158,1714730980.7537298,00 00 00 00 00 00 00 00
960,1714730980.8005002,77 08 07 00
1716,1714730980.8008912,02 37 31 30 30 39 32 31
441799848,1714730980.8144634,05 00 FF 3F 8F E7 22 56
1635,1714730980.8273315,60 7F 00 0F 1F 00 40 E0
1603,1714730980.8365483,00 02 00 00 00 00 00 00
452984848,1714730980.845634,10 50 04 41 00 08 01 00
1122,1714730980.863783,00 00 08 00 00 01 00 00
779,1714730980.880245,3F 06 00 00 18 00 00 58
960,1714730980.9006004,C2 09 07 00
1635,1714730980.9273288,60 7F 00 0F 1F 00 40 E0
1413,1714730980.9275577,7F AC 02 C4 23 08 01 00
1156,1714730980.9337451,FE FB EF BF FF FE 03 40
1157,1714730980.9426303,00 C3 2F 0F 13 04 23 56
1158,1714730980.952716,00 00 00 00 00 00 00 00
1720,1714730980.9902227,2E 29 F8 F9 FF FE 00 00
960,1714730981.0008066,32 0A 07 00
1716,1714730981.001639,00 C9 6B 7C 8C 42 41 55
1122,1714730981.0128303,00 00 08 00 00 01 00 00
1635,1714730981.027337,60 7F 00 0F 1F 00 40 E0
452984848,1714730981.045614,10 50 04 41 00 08 01 00
779,1714730981.0802512,3F 0A 00 00 18 00 00 58
960,1714730981.1009398,87 0B 07 00
401604624,1714730981.1273668,28 10 8D FE FF FF 02 9F
1527,1714730981.1276336,80 FF FF FF FF FF E7 FF
1635,1714730981.127866,60 7F 00 0F 1F 00 40 E0
1156,1714730981.1327415,FE FB EF BF FF FE 03 40
1157,1714730981.1426494,00 C3 2F 0F 13 04 23 56
1158,1714730981.1527245,00 00 00 00 00 00 00 00
1122,1714730981.1627693,00 00 08 00 00 01 00 00
1719,1714730981.1641903,04 00 D0 FF 3F 7E C0 FE
401604848,1714730981.1871846,20 F0 00 00 14 1E 02 80
441799980,1714730981.1882925,00 00 00 00 00 00 00 00
441800007,1714730981.1890008,00 C0 06 00 00 00 00 00
960,1714730981.2011023,FD 0C 07 00
1716,1714730981.2015474,01 4E 45 45 34 4D 5A 31
1635,1714730981.2273426,60 7F 00 0F 1F 00 40 E0
452984848,1714730981.2456198,10 50 04 41 00 08 01 00
779,1714730981.2802303,3F 0E 00 00 18 00 00 58
960,1714730981.301294,48 0D 07 00
441800008,1714730981.3073719,FF FF FF FF FF FF FF 13
1122,1714730981.3128576,00 00 08 00 00 01 00 00
441799848,1714730981.3147335,0C FE FF FF E7 FF FF 7F
1635,1714730981.3273447,60 7F 00 0F 1F 00 40 E0
1156,1714730981.3327465,FE FB EF BF FF FE 03 40
1157,1714730981.342655,00 C3 2F 0F 13 04 23 56
1158,1714730981.3527436,00 00 00 00 00 00 00 00
960,1714730981.401516,B8 0E 07 00
1716,1714730981.4019063,00 C9 6B 7C 8C 42 41 55
389231376,1714730981.417191,3C D4 00
1635,1714730981.4273484,60 7F 00 0F 1F 00 40 E0
452984848,1714730981.4456496,10 50 04 41 00 08 01 00
879,1714730981.459172,03 00 00 00 00 00 00 08
884,1714730981.461216,8F 0F 00 00 E8 A3 8F 3E
1122,1714730981.4627612,00 00 08 00 00 01 00 00
886,1714730981.4631708,D3 A7 4F 9F 7E DF EB F7
888,1714730981.465086,FB FF FF FF F2 00 00 00
891,1714730981.467301,14 04 23 56 22 03 0C 00
1364,1714730981.4761076,12 0D 80 76 00 00 00 00
779,1714730981.4802582,3F 02 00 00 18 00 00 58
1720,1714730981.5011778,2E 29 F8 F9 FF FE 00 00
960,1714730981.5016398,0D 0F 07 00
1635,1714730981.5273452,60 7F 00 0F 1F 00 40 E0
1156,1714730981.5335906,FE FB EF BF FF FE 03 40
1157,1714730981.5435746,00 C3 2F 0F 14 04 23 56
1158,1714730981.5527375,00 00 00 00 00 00 00 00
960,1714730981.601803,4C 00 07 00
1716,1714730981.6022625,02 37 31 30 30 39 32 31
1122,1714730981.6132193,00 00 08 00 00 01 00 00
1714,1714730981.627344,00 04 00 30 39 26 3C 24
1527,1714730981.6276038,80 FF FF FF FF FF E7 FF
401604624,1714730981.6278784,28 10 8D FE FF FF 02 9F
1635,1714730981.628151,60 7F 00 0F 1F 00 40 E0
452984848,1714730981.6456687,10 50 04 41 00 08 01 00
779,1714730981.6802604,3F 06 00 00 18 00 00 58
401604848,1714730981.6891134,20 F0 00 00 14 1E 02 80
441800007,1714730981.6902206,00 C0 06 00 00 00 00 00
960,1714730981.7019517,F9 01 07 00
1635,1714730981.7273507,60 7F 00 0F 1F 00 40 E0
1156,1714730981.7327585,FE FB EF BF FF FE 03 40
1157,1714730981.74266,00 C3 2F 0F 14 04 23 56
1158,1714730981.75275,00 00 00 00 00 00 00 00
1122,1714730981.7627454,00 00 08 00 00 01 00 00
960,1714730981.802158,09 02 07 00
1716,1714730981.8026073,00 C9 6B 7C 8C 42 41 55
441799848,1714730981.8135254,01 00 FF 3F 8F E7 22 56
1635,1714730981.8273587,60 7F 00 0F 1F 00 40 E0
452984848,1714730981.845703,10 50 04 41 00 08 01 00
1603,1714730981.8614888,00 02 00 00 00 00 00 00
779,1714730981.8802938,3F 0A 00 00 18 00 00 58
960,1714730981.9023151,BC 03 07 00
1122,1714730981.913018,00 00 08 00 00 01 00 00
1635,1714730981.9273562,60 7F 00 0F 1F 00 40 E0
1413,1714730981.927585,7F AC 02 C4 23 08 01 00
1156,1714730981.9317636,FE FB EF BF FF FE 03 40
1157,1714730981.9417,00 C3 2F 0F 14 04 23 56
1158,1714730981.9517326,00 00 00 00 00 00 00 00
960,1714730982.002533,C6 04 07 00
1716,1714730982.0033338,01 4E 45 45 34 4D 5A 31
1720,1714730982.014156,2E 29 F8 F9 FF FE 00 00
1635,1714730982.0273645,60 7F 00 0F 1F 00 40 E0
452984848,1714730982.0457351,10 50 04 41 00 08 01 00
1122,1714730982.061773,00 00 08 00 00 01 00 00
779,1714730982.080274,3F 0E 00 00 18 00 00 58
960,1714730982.10265,73 05 07 00
401604624,1714730982.1274955,28 10 8D FE FF FF 02 9F
1527,1714730982.1276863,80 FF FF FF FF FF E7 FF
1635,1714730982.1279104,60 7F 00 0F 1F 00 40 E0
1156,1714730982.1317291,FE FB EF BF FF FE 03 40
1157,1714730982.1416852,00 C3 2F 0F 14 04 23 56
1158,1714730982.1527011,00 00 00 00 00 00 00 00
1719,1714730982.186195,04 00 D0 FF 3F 7E C0 FE
401604848,1714730982.1891701,20 F0 00 00 14 1E 02 80
441799980,1714730982.1902342,00 00 00 00 00 00 00 00
441800007,1714730982.1910288,00 C0 06 00 00 00 00 00
960,1714730982.2028277,83 06 07 00
1716,1714730982.2032845,00 C9 6B 7C 8C 42 41 55
1122,1714730982.211865,00 00 08 00 00 01 00 00
1635,1714730982.22737,60 7F 00 0F 1F 00 40 E0
452984848,1714730982.2456985,10 50 04 41 00 08 01 00
441800008,1714730982.267398,FF FF FF FF FF FF FF 13
779,1714730982.2803009,3F 02 00 00 18 00 00 58
960,1714730982.302991,36 07 07 00
441799848,1714730982.3134296,08 FE FF FF E7 FF FF 7F
1635,1714730982.327398,60 7F 00 0F 1F 00 40 E0
1156,1714730982.3333626,FE FB EF BF FF FE 03 40
1157,1714730982.3417346,00 C3 2F 0F 14 04 23 56
1158,1714730982.351779,00 00 00 00 00 00 00 00
1122,1714730982.361825,00 00 08 00 00 01 00 00
960,1714730982.4031785,77 08 07 00
1716,1714730982.4036229,02 37 31 30 30 39 32 31
389231376,1714730982.4192836,3C D5 00 00 00 00
1635,1714730982.4274008,60 7F 00 0F 1F 00 40 E0
452984848,1714730982.4457061,10 50 04 41 00 08 01 00
879,1714730982.4571996,00 00 00 00 00 00 00 08
884,1714730982.4592195,6C 0F 00 00 E8 A3 8F 3E
886,1714730982.4661355,D0 A7 4F 9F 7E DF EB F7
888,1714730982.4671469,F8 FF FF FF F2 00 00 00
891,1714730982.4693491,15 04 23 56 22 03 00 00
1364,1714730982.4705307,12 0D 80 16 00 00 00 00
779,1714730982.4802854,3F 05 00 00 18 00 00 58
960,1714730982.5033317,C2 09 07 00
1122,1714730982.5124164,00 00 08 00 00 01 00 00
1720,1714730982.522164,2E 29 F8 F9 FF FE 00 00
1635,1714730982.5273986,60 7F 00 0F 1F 00 40 E0
1156,1714730982.5317836,FE FB EF BF FF FE 03 40
1157,1714730982.541721,00 C3 2F 0F 15 04 23 56
1158,1714730982.5517828,00 00 00 00 00 00 00 00
960,1714730982.6035519,32 0A 07 00
1716,1714730982.6039891,00 C9 6B 7C 8C 42 41 55
1714,1714730982.6274145,00 04 00 30 39 26 BC 24
1527,1714730982.6276362,80 FF FF FF FF FF E7 FF
401604624,1714730982.6279106,28 10 8D FE FF FF 02 9F
1635,1714730982.6281786,60 7F 00 0F 1F 00 40 E0
452984848,1714730982.645677,10 50 04 41 00 08 01 00
1122,1714730982.6618333,00 00 08 00 00 01 00 00
779,1714730982.6802907,3F 09 00 00 18 00 00 58
401604848,1714730982.691123,20 F0 00 00 14 1E 02 80
441800007,1714730982.6922438,00 C0 06 00 00 00 00 00
960,1714730982.7036743,87 0B 07 00
1635,1714730982.7274039,60 7F 00 0F 1F 00 40 E0
1156,1714730982.7317543,FE FB EF BF FF FE 03 40
1157,1714730982.741766,00 C3 2F 0F 15 04 23 56
1158,1714730982.7517886,00 00 00 00 00 00 00 00
960,1714730982.8038218,FD 0C 07 00
1716,1714730982.8042738,01 4E 45 45 34 4D 5A 31
1122,1714730982.81197,00 00 08 00 00 01 00 00
441799848,1714730982.8132374,05 00 FF 3F 8F E7 22 56
1635,1714730982.827412,60 7F 00 0F 1F 00 40 E0
452984848,1714730982.84572,10 50 04 41 00 08 01 00
779,1714730982.8802948,3F 0D 00 00 18 00 00 58
1603,1714730982.8805454,00 02 00 00 00 00 00 00
960,1714730982.9040306,48 0D 07 00
1635,1714730982.9274094,60 7F 00 0F 1F 00 40 E0
1413,1714730982.927639,7F AC 02 C4 23 08 01 00
1156,1714730982.9336934,FE FB EF BF FF FE 03 40
1157,1714730982.9418747,00 C3 2F 0F 15 04 23 56
1158,1714730982.951751,00 00 00 00 00 00 00 00
1122,1714730982.9618382,00 00 08 00 00 01 00 00
960,1714730983.0041685,B8 0E 07 00
1716,1714730983.0050313,00 C9 6B 7C 8C 42 41 55
1635,1714730983.0274258,60 7F 00 0F 1F 00 40 E0
1720,1714730983.0331566,2E 29 F8 F9 FF FE 00 00
452984848,1714730983.0457196,10 50 04 41 00 08 01 00
779,1714730983.0803227,3F 01 00 00 18 00 00 58
960,1714730983.1043859,0D 0F 07 00
1122,1714730983.1118836,00 00 08 00 00 01 00 00
401604624,1714730983.1275232,28 10 8D FE FF FF 02 9F
1527,1714730983.1277087,80 FF FF FF FF FF E7 FF
1635,1714730983.127981,60 7F 00 0F 1F 00 40 E0
1156,1714730983.1317654,FE FB EF BF FF FE 03 40
1157,1714730983.1417193,00 C3 2F 0F 15 04 23 56
1158,1714730983.1517563,00 00 00 00 00 00 00 00
401604848,1714730983.1911967,20 F0 00 00 14 1E 02 80
441799980,1714730983.1922617,00 00 00 00 00 00 00 00
441800007,1714730983.1930046,00 C0 06 00 00 00 00 00
960,1714730983.2045681,4C 00 07 00
1716,1714730983.2049775,02 37 31 30 30 39 32 31
1719,1714730983.2071059,04 00 D0 FF 3F 7E C0 FE
441800008,1714730983.227526,FF FF FF FF FF FF FF 13
1635,1714730983.2277155,60 7F 00 0F 1F 00 40 E0
452984848,1714730983.2457254,10 50 04 41 00 08 01 00
1122,1714730983.261846,00 00 08 00 00 01 00 00
779,1714730983.2803035,3F 05 00 00 18 00 00 58
960,1714730983.304703,F9 01 07 00
441799848,1714730983.3133154,0C FE FF FF E7 FF FF 7F
1635,1714730983.3274202,60 7F 00 0F 1F 00 40 E0
1156,1714730983.3317618,FE FB EF BF FF FE 03 40
1157,1714730983.3416955,00 C3 2F 0F 15 04 23 56
1158,1714730983.351762,00 00 00 00 00 00 00 00
960,1714730983.4048793,09 02 07 00
1716,1714730983.40533,00 C9 6B 7C 8C 42 41 55
1122,1714730983.4128559,00 00 08 00 00 01 00 00
389231376,1714730983.4212892,80 52 3C D6 00 00 00 00
1635,1714730983.4274364,60 7F 00 0F 1F 00 40 E0
452984848,1714730983.4457378,10 50 04 41 00 08 01 00
879,1714730983.4601831,01 00 00 00 00 00 00 08
884,1714730983.4622312,8D 0F 00 00 E8 A3 8F 3E
886,1714730983.46514,D1 A7 4F 9F 7E DF EB F7
888,1714730983.4670975,F9 FF FF FF F2 00 00 00
891,1714730983.4692743,16 04 23 56 1A 03 04 00
389231376,1714730983.4713984,C0 00 00 00 00 00 00 00
1364,1714730983.472347,12 0D 80 36 00 00 00 00
779,1714730983.4803338,3F 09 00 00 18 00 00 58
960,1714730983.5050437,BC 03 07 00
389231376,1714730983.5213482,C1 00 00 00 00 00 00 00
1635,1714730983.527431,60 7F 00 0F 1F 00 40 E0
1156,1714730983.5317464,FE FB EF BF FF FE 03 40
1720,1714730983.541191,2E 29 F8 F9 FF FE 00 00
1157,1714730983.5416977,00 C3 2F 0F 16 04 23 56
1158,1714730983.5519142,00 00 00 00 00 00 00 00
1122,1714730983.5618184,00 00 08 00 00 01 00 00
389231376,1714730983.571379,C2 00 00 00 00 00 00 00
960,1714730983.6052098,C6 04 07 00
1716,1714730983.605771,01 4E 45 45 34 4D 5A 31
389231376,1714730983.6213374,C3 00 00 00 00 00 00 00
1714,1714730983.6274283,00 04 00 30 39 26 3C 25
1527,1714730983.6276844,80 FF FF FF FF FF E7 FF
401604624,1714730983.6279948,28 10 8D FE FF FF 02 9F
1635,1714730983.6282263,60 7F 00 0F 1F 00 40 E0
452984848,1714730983.6457484,10 50 04 41 00 08 01 00
389231376,1714730983.6733577,C4 00 00 00 00 00 00 00
779,1714730983.680319,3F 0D 00 00 18 00 00 58
401604848,1714730983.693109,20 F0 00 00 14 1E 02 80
441800007,1714730983.6942363,00 C0 06 00 00 00 00 00
960,1714730983.7056293,73 05 07 00
1122,1714730983.711858,00 00 08 00 00 01 00 00
389231376,1714730983.7233155,C5 00 00 00 00 00 00 00
1635,1714730983.7274313,60 7F 00 0F 1F 00 40 E0
1156,1714730983.7317479,FE FB EF BF FF FE 03 40
1157,1714730983.7417295,00 C3 2F 0F 16 04 23 56
1158,1714730983.751752,00 00 00 00 00 00 00 00
389231376,1714730983.7734065,C6 00 00 00 00 00 00 00
960,1714730983.805707,83 06 07 00
1716,1714730983.8060074,00 C9 6B 7C 8C 42 41 55
441799848,1714730983.8130677,01 00 FF 3F 8F E7 22 56
389231376,1714730983.8233008,C7 00 00 00 00 00 00 00
1635,1714730983.8274403,60 7F 00 0F 1F 00 40 E0
452984848,1714730983.8457785,10 50 04 41 00 08 01 00
1122,1714730983.8618274,00 00 08 00 00 01 00 00
389231376,1714730983.8733444,C8 00 00 00 00 00 00 00
779,1714730983.8803697,3F 01 00 00 18 00 00 58
1603,1714730983.8995423,00 02 00 00 00 00 00 00
960,1714730983.9057186,36 07 07 00
389231376,1714730983.923291,C9 00 00 00 00 00 00 00
1635,1714730983.9274626,60 7F 00 0F 1F 00 40 E0
1413,1714730983.9276888,7F AC 02 C4 23 08 01 00
1156,1714730983.9337533,FE FB EF BF FF FE 03 40
1157,1714730983.9417198,00 C3 2F 0F 16 04 23 56
1158,1714730983.9520931,00 00 00 00 00 00 00 00
389231376,1714730983.9733467,CA 00 00 00 00 00 00 00
960,1714730984.0058613,77 08 07 00
1716,1714730984.0067482,02 37 31 30 30 39 32 31
1122,1714730984.0119138,00 00 08 00 00 01 00 00
389231376,1714730984.0231898,CB 00
1635,1714730984.0274448,60 7F 00 0F 1F 00 40 E0
452984848,1714730984.045749,10 50 04 41 00 08 01 00
1720,1714730984.0531905,2E 29 F8 F9 FF FE 00 00
779,1714730984.080369,3F 05 00 00 18 00 00 58
960,1714730984.106052,C2 09 07 00
401604624,1714730984.1275506,28 10 8D FE FF FF 02 9F
1527,1714730984.1277838,80 FF FF FF FF FF E7 FF
1635,1714730984.128008,60 7F 00 0F 1F 00 40 E0
1156,1714730984.1321807,FE FB EF BF FF FE 03 40
1157,1714730984.1417341,00 C3 2F 0F 16 04 23 56
1158,1714730984.151784,00 00 00 00 00 00 00 00
1122,1714730984.1618705,00 00 08 00 00 01 00 00
441800008,1714730984.1875527,FF FF FF FF FF FF FF 13
401604848,1714730984.1931195,20 F0 00 00 14 1E 02 80
441799980,1714730984.1942067,00 00 00 00 00 00 00 00
441800007,1714730984.195,00 C0 06 00 00 00 00 00
960,1714730984.2062247,32 0A 07 00
1716,1714730984.2066932,00 C9 6B 7C 8C 42 41 55
1719,1714730984.2252293,04 00 D0 FF 3F 7E C0 FE
1635,1714730984.227472,60 7F 00 0F 1F 00 40 E0
452984848,1714730984.2457623,10 50 04 41 00 08 01 00
779,1714730984.2803555,3F 09 00 00 18 00 00 58
960,1714730984.306454,87 0B 07 00
1122,1714730984.3134956,00 00 08 00 00 01 00 00
441799848,1714730984.3153582,08 FE FF FF E7 FF FF 7F
1635,1714730984.3274736,60 7F 00 0F 1F 00 40 E0
1156,1714730984.3317614,FE FB EF BF FF FE 03 40
1157,1714730984.3417459,00 C3 2F 0F 16 04 23 56
1158,1714730984.3517683,00 00 00 00 00 00 00 00
960,1714730984.406594,FD 0C 07 00
1716,1714730984.4070048,01 4E 45 45 34 4D 5A 31
389231376,1714730984.4231713,3C D7 FF
1635,1714730984.4275584,60 7F 00 0F 1F 00 40 E0
452984848,1714730984.4457958,10 50 04 41 00 08 01 00
879,1714730984.4611676,02 00 00 00 00 00 00 08
1122,1714730984.4620712,00 00 08 00 00 01 00 00
884,1714730984.463265,92 0F 00 00 E8 A3 8F 3E
886,1714730984.4651678,D2 A7 4F 9F 7E DF EB F7
888,1714730984.4691248,FA FF FF FF F2 00 00 00
891,1714730984.4722106,17 04 23 56 0A 01 08 00
1364,1714730984.4751027,12 0D 80 56 00 00 00 00
779,1714730984.4804,3F 0D 00 00 18 00 00 58
960,1714730984.5067348,48 0D 07 00
1635,1714730984.5274794,60 7F 00 0F 1F 00 40 E0
1156,1714730984.5317695,FE FB EF BF FF FE 03 40
1157,1714730984.54174,00 C1 2F 0F 17 04 23 56
1158,1714730984.5517306,00 00 00 00 00 00 00 00
1720,1714730984.5623162,2E 29 F8 F9 FF FE 00 00
960,1714730984.606885,B8 0E 07 00
1716,1714730984.607348,00 C9 6B 7C 8C 42 41 55
1122,1714730984.61201,00 00 08 00 00 01 00 00
1714,1714730984.627482,00 04 00 30 39 26 BC 25
1527,1714730984.6277122,80 FF FF FF FF FF E7 FF
401604624,1714730984.628028,28 10 8D FE FF FF 02 9F
1635,1714730984.6282506,60 7F 00 0F 1F 00 40 E0
452984848,1714730984.6457756,10 50 04 41 00 08 01 00
779,1714730984.6803885,3F 01 00 00 18 00 00 58
401604848,1714730984.6950877,20 F0 00 00 14 1E 02 80
441800007,1714730984.696195,00 C0 06 00 00 00 00 00
960,1714730984.707076,0D 0F 07 00
1635,1714730984.727485,60 7F 00 0F 1F 00 40 E0
1156,1714730984.7317321,FE FB EF BF FF FE 03 40
1157,1714730984.741732,00 C1 2F 0F 17 04 23 56
1158,1714730984.751738,00 00 00 00 00 00 00 00
1122,1714730984.7618206,00 00 08 00 00 01 00 00
960,1714730984.8072352,4C 00 07 00
1716,1714730984.8076904,02 37 31 30 30 39 32 31
441799848,1714730984.8126159,05 00 FF 3F 8F E7 22 56
1635,1714730984.8275688,60 7F 00 0F 1F 00 40 E0
452984848,1714730984.8457806,10 50 04 41 00 08 01 00
1156,1714732268.961509,FE FB EF BF FF FE 03 40
1157,1714732268.9714615,00 C4 2F 0F 1A 09 23 56
1635,1714732268.9813366,60 7F 00 0F 1F 00 40 E0
1158,1714732268.9815943,00 00 00 00 00 00 00 00
1413,1714732268.9818232,7F AC 02 C4 23 08 01 00
389231376,1714732268.9852114,3C DA 00 00 00 00 00 00
960,1714732268.985462,C6 04 07 00
1716,1714732268.985835,01 4E 45 45 34 4D 5A 31
1122,1714732269.0416262,00 00 08 00 00 01 00 00
1635,1714732269.0814242,60 7F 00 0F 1F 00 40 E0
960,1714732269.0855596,73 05 07 00
1603,1714732269.0972328,00 02 00 00 00 00 00 00
452984848,1714732269.0996501,10 50 04 41 00 08 01 00
779,1714732269.0998707,3F 01 00 00 18 00 00 58
441799848,1714732269.1434739,0C FE FF FF E7 FF FF 7F
1156,1714732269.1615138,FE FB EF BF FF FE 03 40
1157,1714732269.171467,00 C4 2F 0F 1A 09 23 56
401604624,1714732269.1814265,28 10 8D FE FF FF 02 9F
1158,1714732269.181646,00 00 00 00 00 00 00 00
1527,1714732269.181914,80 FF FF FF FF FF E7 FF
1635,1714732269.1821315,60 7F 00 0F 1F 00 40 E0
960,1714732269.1857483,83 06 07 00
1716,1714732269.1866167,00 C9 6B 7C 8C 42 41 55
1122,1714732269.191529,00 00 08 00 00 01 00 00
1720,1714732269.247628,2E 29 F8 F9 FF FE 00 00
401604848,1714732269.2570996,20 F0 00 00 14 1E 02 80
441800007,1714732269.2581658,00 C0 06 00 00 00 00 00
1635,1714732269.281429,60 7F 00 0F 1F 00 40 E0
960,1714732269.2858891,36 07 07 00
452984848,1714732269.2996716,10 50 04 41 00 08 01 00
779,1714732269.2998605,3F 05 00 00 18 00 00 58
1122,1714732269.3416336,00 00 08 00 00 01 00 00
1156,1714732269.3615186,FE FB EF BF FF FE 03 40
1157,1714732269.3714721,00 C4 2F 0F 1A 09 23 56
1635,1714732269.381436,60 7F 00 0F 1F 00 40 E0
1158,1714732269.38161,00 00 00 00 00 00 00 00
960,1714732269.3860557,77 08 07 00
1716,1714732269.386528,02 37 31 30 30 39 32 31
1719,1714732269.4197128,04 00 D0 FF 3F 7E C0 FE
879,1714732269.460129,02 00 00 00 00 00 00 08
884,1714732269.4621058,8E 0F 00 00 E8 A3 8F 3E
886,1714732269.4641242,D2 A7 4F 9F 7E DF EB F7
888,1714732269.4660852,FA FF FF FF F2 00 00 00
891,1714732269.468214,1C 09 23 56 2A 05 08 00
1364,1714732269.4720633,12 0D 80 56 00 00 00 00
1635,1714732269.4814348,60 7F 00 0F 1F 00 40 E0
960,1714732269.4862416,C2 09 07 00
1122,1714732269.4915304,00 00 08 00 00 01 00 00
452984848,1714732269.4996831,10 50 04 41 00 08 01 00
779,1714732269.4998653,3F 09 00 00 18 00 00 58
1156,1714732269.5615275,FE FB EF BF FF FE 03 40
1157,1714732269.5714777,00 C5 2F 0F 1C 09 23 56
1635,1714732269.5814366,60 7F 00 0F 1F 00 40 E0
1158,1714732269.5816092,00 00 00 00 00 00 00 00
960,1714732269.586478,32 0A 07 00
1716,1714732269.586871,00 C9 6B 7C 8C 42 41 55
1122,1714732269.641674,00 00 08 00 00 01 00 00
441799848,1714732269.64316,01 00 FF 3F 8F E7 22 56
1714,1714732269.6813583,00 04 00 30 39 26 66 32
1527,1714732269.6816382,80 FF FF FF FF FF E7 FF
401604624,1714732269.681908,28 10 8D FE FF FF 02 9F
1635,1714732269.682165,60 7F 00 0F 1F 00 40 E0
441800008,1714732269.6824346,FF FF FF FF FF FF FF 13
960,1714732269.686625,87 0B 07 00
452984848,1714732269.6996896,10 50 04 41 00 08 01 00
779,1714732269.6998732,3F 0D 00 00 18 00 00 58
1720,1714732269.753657,2E 29 F8 F9 FF FE 00 00
401604848,1714732269.7571416,20 F0 00 00 14 1E 02 80
441799980,1714732269.7582648,00 00 00 00 00 00 00 00
441800007,1714732269.7589724,00 C0 06 00 00 00 00 00
1156,1714732269.761529,FE FB EF BF FF FE 03 40
1157,1714732269.7714849,00 C5 2F 0F 1C 09 23 56
1635,1714732269.7814417,60 7F 00 0F 1F 00 40 E0
1158,1714732269.7816155,00 00 00 00 00 00 00 00
960,1714732269.786766,FD 0C 07 00
1716,1714732269.7871866,01 4E 45 45 34 4D 5A 31
1122,1714732269.7915382,00 00 08 00 00 01 00 00
1635,1714732269.8814442,60 7F 00 0F 1F 00 40 E0
960,1714732269.886917,48 0D 07 00
452984848,1714732269.8996937,10 50 04 41 00 08 01 00
779,1714732269.8999271,3F 01 00 00 18 00 00 58
1122,1714732269.9416416,00 00 08 00 00 01 00 00
1156,1714732269.9615343,FE FB EF BF FF FE 03 40
1157,1714732269.9714904,00 C5 2F 0F 1C 09 23 56
1635,1714732269.9814467,60 7F 00 0F 1F 00 40 E0
1158,1714732269.9816241,00 00 00 00 00 00 00 00
1413,1714732269.9818888,7F AC 02 C4 23 08 01 00
960,1714732269.987126,B8 0E 07 00
389231376,1714732269.987444,3C DB 22 00 00 00 00 00
1716,1714732269.9875937,00 C9 6B 7C 8C 42 41 55
1635,1714732270.0814497,60 7F 00 0F 1F 00 40 E0
960,1714732270.0873044,0D 0F 07 00
1122,1714732270.0915473,00 00 08 00 00 01 00 00
452984848,1714732270.0997005,10 50 04 41 00 08 01 00
779,1714732270.0999193,3F 05 00 00 18 00 00 58
1603,1714732270.11003,00 02 00 00 00 00 00 00
441799848,1714732270.1434546,08 FE FF FF E7 FF FF 7F
1156,1714732270.1615393,FE FB EF BF FF FE 03 40
1157,1714732270.171496,00 C5 2F 0F 1C 09 23 56
401604624,1714732270.1814523,28 10 8D FE FF FF 02 9F
1158,1714732270.181699,00 00 00 00 00 00 00 00
1527,1714732270.18194,80 FF FF FF FF FF E7 FF
1635,1714732270.1822035,60 7F 00 0F 1F 00 40 E0
960,1714732270.1874926,4C 00 07 00
1716,1714732270.1883373,02 37 31 30 30 39 32 31
1122,1714732270.2416494,00 00 08 00 00 01 00 00
401604848,1714732270.2590835,20 F0 00 00 14 1E 02 80
441800007,1714732270.2601533,00 C0 06 00 00 00 00 00
1720,1714732270.2616704,2E 29 F8 F9 FF FE 00 00
1635,1714732270.281455,60 7F 00 0F 1F 00 40 E0
960,1714732270.287616,F9 01 07 00
452984848,1714732270.2997065,10 50 04 41 00 08 01 00
779,1714732270.299926,3F 09 00 00 18 00 00 58
1156,1714732270.3615444,FE FB EF BF FF FE 03 40
1157,1714732270.371457,00 C5 2F 0F 1C 09 23 56
1635,1714732270.3814573,60 7F 00 0F 1F 00 40 E0
1158,1714732270.3816779,00 00 00 00 00 00 00 00
960,1714732270.3878014,09 02 07 00
1716,1714732270.3882575,00 C9 6B 7C 8C 42 41 55
1122,1714732270.391598,00 00 08 00 00 01 00 00
1719,1714732270.4357152,04 00 D0 FF 3F 7E C0 FE
879,1714732270.459304,02 00 00 00 00 00 00 08
884,1714732270.4641967,97 0F 00 00 E8 A3 8F 3E
886,1714732270.4661162,D3 A7 4F 9F 7E DF EB F7
888,1714732270.4680681,FB FF FF FF F2 00 00 00
891,1714732270.4711325,1D 09 23 56 2A 05 0C 00
1364,1714732270.4740891,12 0D 80 76 00 00 00 00
1635,1714732270.4814603,60 7F 00 0F 1F 00 40 E0
960,1714732270.4879546,BC 03 07 00
452984848,1714732270.4997048,10 50 04 41 00 08 01 00
779,1714732270.4999304,3F 0D 00 00 18 00 00 58
1122,1714732270.5416517,00 00 08 00 00 01 00 00
1156,1714732270.56155,FE FB EF BF FF FE 03 40
1157,1714732270.5715032,00 C5 2F 0F 1C 09 23 56
1635,1714732270.5814579,60 7F 00 0F 1F 00 40 E0
1158,1714732270.5816824,00 00 00 00 00 00 00 00
960,1714732270.5881205,C6 04 07 00
1716,1714732270.58855,01 4E 45 45 34 4D 5A 31
441800008,1714732270.641462,FF FF FF FF FF FF FF 13
441799848,1714732270.642556,05 00 FF 3F 8F E7 22 56
1714,1714732270.681472,00 04 00 30 39 26 E6 32
1527,1714732270.681659,80 FF FF FF FF FF E7 FF
401604624,1714732270.6819673,28 10 8D FE FF FF 02 9F
1635,1714732270.6821985,60 7F 00 0F 1F 00 40 E0
960,1714732270.6883056,73 05 07 00
1122,1714732270.6916156,00 00 08 00 00 01 00 00
452984848,1714732270.6997125,10 50 04 41 00 08 01 00
779,1714732270.6999354,3F 01 00 00 18 00 00 58
401604848,1714732270.7590966,20 F0 00 00 14 1E 02 80
441799980,1714732270.7602046,00 00 00 00 00 00 00 00
441800007,1714732270.7609553,00 C0 06 00 00 00 00 00
1156,1714732270.761563,FE FB EF BF FF FE 03 40
1157,1714732270.7715104,00 C5 2F 0F 1C 09 23 56
1720,1714732270.7731624,2E 29 F8 F9 FF FE 00 00
1635,1714732270.7814744,60 7F 00 0F 1F 00 40 E0
1158,1714732270.781688,00 00 00 00 00 00 00 00
960,1714732270.7885118,83 06 07 00
1716,1714732270.7889252,00 C9 6B 7C 8C 42 41 55
1122,1714732270.8416958,00 00 08 00 00 01 00 00
1635,1714732270.8814707,60 7F 00 0F 1F 00 40 E0
960,1714732270.8886147,36 07 07 00
452984848,1714732270.89977,10 50 04 41 00 08 01 00
779,1714732270.900005,3F 05 00 00 18 00 00 58
1156,1714732270.9615607,FE FB EF BF FF FE 03 40
1157,1714732270.9715579,00 C5 2F 0F 1C 09 23 56
1635,1714732270.9814804,60 7F 00 0F 1F 00 40 E0
1158,1714732270.981693,00 00 00 00 00 00 00 00
1413,1714732270.9819174,7F AC 02 C4 23 08 01 00
960,1714732270.9888093,77 08 07 00
1716,1714732270.9892404,02 37 31 30 30 39 32 31
389231376,1714732270.9895294,3C DC 00 00 00 00 00 00
1122,1714732270.9916153,00 00 08 00 00 01 00 00
1635,1714732271.081476,60 7F 00 0F 1F 00 40 E0
960,1714732271.088951,C2 09 07 00
452984848,1714732271.0997257,10 50 04 41 00 08 01 00
779,1714732271.0999463,3F 09 00 00 18 00 00 58
1603,1714732271.1300747,00 02 00 00 00 00 00 00
1122,1714732271.1416728,00 00 08 00 00 01 00 00
441799848,1714732271.1438184,0C FE FF FF E7 FF FF 7F
1156,1714732271.1615653,FE FB EF BF FF FE 03 40
1157,1714732271.1715188,00 C5 2F 0F 1C 09 23 56
401604624,1714732271.181478,28 10 8D FE FF FF 02 9F
1158,1714732271.1817248,00 00 00 00 00 00 00 00
1527,1714732271.181966,80 FF FF FF FF FF E7 FF
1635,1714732271.1822293,60 7F 00 0F 1F 00 40 E0
960,1714732271.1891627,32 0A 07 00
1716,1714732271.1900077,00 C9 6B 7C 8C 42 41 55
401604848,1714732271.261089,20 F0 00 00 14 1E 02 80
441800007,1714732271.2621276,00 C0 06 00 00 00 00 00
1635,1714732271.2814808,60 7F 00 0F 1F 00 40 E0
1720,1714732271.2817047,2E 29 F8 F9 FF FE 00 00
960,1714732271.2893255,87 0B 07 00
1122,1714732271.2915852,00 00 08 00 00 01 00 00
452984848,1714732271.299738,10 50 04 41 00 08 01 00
779,1714732271.2999628,3F 0D 00 00 18 00 00 58
1156,1714732271.3615706,FE FB EF BF FF FE 03 40
1157,1714732271.3715181,00 C5 2F 0F 1C 09 23 56
1635,1714732271.381489,60 7F 00 0F 1F 00 40 E0
1158,1714732271.3817034,00 00 00 00 00 00 00 00
960,1714732271.3896906,FD 0C 07 00
1716,1714732271.3899293,01 4E 45 45 34 4D 5A 31
1122,1714732271.4416802,00 00 08 00 00 01 00 00
1719,1714732271.4548092,04 00 D0 FF 3F 7E C0 FE
879,1714732271.4571803,00 00 00 00 00 00 00 08
884,1714732271.4591365,80 0F 00 00 E8 A3 8F 3E
886,1714732271.4651077,D0 A7 4F 9F 7E DF EB F7
888,1714732271.466094,F8 FF FF FF F2 00 00 00
891,1714732271.47618,1E 09 23 56 22 04 00 00
1364,1714732271.4771063,12 0D 80 16 00 00 00 00
1635,1714732271.4814858,60 7F 00 0F 1F 00 40 E0
960,1714732271.4897223,48 0D 07 00
452984848,1714732271.4997673,10 50 04 41 00 08 01 00
779,1714732271.4999561,3F 01 00 00 18 00 00 58
1156,1714732271.5615761,FE FB EF BF FF FE 03 40
1157,1714732271.5715292,00 C4 2F 0F 1E 09 23 56
1635,1714732271.5814886,60 7F 00 0F 1F 00 40 E0
1158,1714732271.5817087,00 00 00 00 00 00 00 00
960,1714732271.5898414,B8 0E 07 00
1716,1714732271.5902894,00 C9 6B 7C 8C 42 41 55
1122,1714732271.591631,00 00 08 00 00 01 00 00
441800008,1714732271.6014893,FF FF FF FF FF FF FF 13
441799848,1714732271.642322,01 00 FF 3F 8F E7 22 56
1714,1714732271.6814864,00 04 00 30 39 26 66 33
1527,1714732271.6817248,80 FF FF FF FF FF E7 FF
401604624,1714732271.6819925,28 10 8D FE FF FF 02 9F
1635,1714732271.6822274,60 7F 00 0F 1F 00 40 E0
960,1714732271.6899734,0D 0F 07 00
452984848,1714732271.6997826,10 50 04 41 00 08 01 00
779,1714732271.699958,3F 05 00 00 18 00 00 58
1122,1714732271.7416801,00 00 08 00 00 01 00 00
401604848,1714732271.7611222,20 F0 00 00 14 1E 02 80
1156,1714732271.761546,FE FB EF BF FF FE 03 40
441799980,1714732271.7622485,00 00 00 00 00 00 00 00
441800007,1714732271.7629592,00 C0 06 00 00 00 00 00
1157,1714732271.771534,00 C4 2F 0F 1E 09 23 56
1635,1714732271.7814937,60 7F 00 0F 1F 00 40 E0
1158,1714732271.781714,00 00 00 00 00 00 00 00
1720,1714732271.7897584,2E 29 F8 F9 FF FE 00 00
960,1714732271.7901902,4C 00 07 00
1716,1714732271.7906303,02 37 31 30 30 39 32 31
1635,1714732271.8814964,60 7F 00 0F 1F 00 40 E0
960,1714732271.8903608,F9 01 07 00
1122,1714732271.8916337,00 00 08 00 00 01 00 00
452984848,1714732271.8997467,10 50 04 41 00 08 01 00
779,1714732271.899978,3F 08 00 00 18 00 00 58
1156,1714732271.9615862,FE FB EF BF FF FE 03 40
1157,1714732271.9715424,00 C4 2F 0F 1E 09 23 56
1635,1714732271.9814987,60 7F 00 0F 1F 00 40 E0
1158,1714732271.9817193,00 00 00 00 00 00 00 00
1413,1714732271.9819434,7F AC 02 C4 23 08 01 00
960,1714732271.9905431,09 02 07 00
1716,1714732271.990949,00 C9 6B 7C 8C 42 41 55
389231376,1714732271.9913547,3C C2 03 01 33 00 03 08
1122,1714732272.0416932,00 00 08 00 00 01 00 00
1635,1714732272.0815015,60 7F 00 0F 1F 00 40 E0
960,1714732272.0906768,BC 03 07 00
452984848,1714732272.0997863,10 50 04 41 00 08 01 00
779,1714732272.099975,3F 0C 00 00 18 00 00 58
441799848,1714732272.1435068,08 FE FF FF E7 FF FF 7F
1603,1714732272.1450408,00 02 00 00 00 00 00 00
1156,1714732272.161591,FE FB EF BF FF FE 03 40
1157,1714732272.1715443,00 C4 2F 0F 1E 09 23 56
401604624,1714732272.1815484,28 10 8D FE FF FF 02 9F
1158,1714732272.18178,00 00 00 00 00 00 00 00
1527,1714732272.1820102,80 FF FF FF FF FF E7 FF
1635,1714732272.1822822,60 7F 00 0F 1F 00 40 E0
960,1714732272.1908212,C6 04 07 00
1716,1714732272.1916945,01 4E 45 45 34 4D 5A 31
1122,1714732272.1920075,00 00 08 00 00 01 00 00
401604848,1714732272.2630494,20 F0 00 00 14 1E 02 80
441800007,1714732272.2642002,00 C0 06 00 00 00 00 00
1635,1714732272.2815065,60 7F 00 0F 1F 00 40 E0
960,1714732272.291015,73 05 07 00
1720,1714732272.2977011,2E 29 F8 F9 FF FE 00 00
452984848,1714732272.2997868,10 50 04 41 00 08 01 00
779,1714732272.2999747,3F 00 00 00 18 00 00 58
1122,1714732272.3417037,00 00 08 00 00 01 00 00
1156,1714732272.3615963,FE FB EF BF FF FE 03 40
1157,1714732272.3715494,00 C4 2F 0F 1E 09 23 56
1635,1714732272.3815093,60 7F 00 0F 1F 00 40 E0
1158,1714732272.3817294,00 00 00 00 00 00 00 00
960,1714732272.3912034,83 06 07 00
1716,1714732272.3916476,00 C9 6B 7C 8C 42 41 55
879,1714732272.4581823,01 00 00 00 00 00 00 08
884,1714732272.4621196,71 0F 00 00 E8 A3 8F 3E
886,1714732272.464133,D1 A7 4F 9F 7E DF EB F7
1719,1714732272.4708138,04 00 D0 FF 3F 7E C0 FE
888,1714732272.4721062,F9 FF FF FF F2 00 00 00
891,1714732272.4741411,1F 09 23 56 1A 03 04 00
1364,1714732272.4760766,12 0D 80 36 00 00 00 00
1635,1714732272.481512,60 7F 00 0F 1F 00 40 E0
960,1714732272.4913692,36 07 07 00
1122,1714732272.4915962,00 00 08 00 00 01 00 00
452984848,1714732272.4998128,10 50 04 41 00 08 01 00
779,1714732272.500017,3F 04 00 00 18 00 00 58
441800008,1714732272.5615144,FF FF FF FF FF FF FF 13
1156,1714732272.561762,FE FB EF BF FF FE 03 40
1157,1714732272.5715547,00 C3 2F 0F 1F 09 23 56
1635,1714732272.5815144,60 7F 00 0F 1F 00 40 E0
1158,1714732272.581736,00 00 00 00 00 00 00 00
960,1714732272.5916152,77 08 07 00
1716,1714732272.5921378,02 37 31 30 30 39 32 31
1122,1714732272.6417165,00 00 08 00 00 01 00 00
441799848,1714732272.6428375,05 00 FF 3F 8F E7 22 56
1714,1714732272.6815171,00 04 00 30 39 26 E6 33
1527,1714732272.6817508,80 FF FF FF FF FF E7 FF
401604624,1714732272.6820185,28 10 8D FE FF FF 02 9F
1635,1714732272.6822934,60 7F 00 0F 1F 00 40 E0
960,1714732272.6916378,C2 09 07 00
452984848,1714732272.6998107,10 50 04 41 00 08 01 00
779,1714732272.6999865,3F 08 00 00 18 00 00 58
1156,1714732272.7616072,FE FB EF BF FF FE 03 40
401604848,1714732272.7630842,20 F0 00 00 14 1E 02 80
441799980,1714732272.7641923,00 00 00 00 00 00 00 00
441800007,1714732272.7649636,00 C0 06 00 00 00 00 00
1157,1714732272.7715604,00 C3 2F 0F 1F 09 23 56
1635,1714732272.7815197,60 7F 00 0F 1F 00 40 E0
1158,1714732272.7817395,00 00 00 00 00 00 00 00
1122,1714732272.7916129,00 00 08 00 00 01 00 00
960,1714732272.7920253,32 0A 07 00
1716,1714732272.7925644,00 C9 6B 7C 8C 42 41 55
1720,1714732272.8087149,2E 29 F8 F9 FF FE 00 00
1635,1714732272.8815222,60 7F 00 0F 1F 00 40 E0
960,1714732272.892261,87 0B 07 00
452984848,1714732272.899817,10 50 04 41 00 08 01 00
779,1714732272.900026,3F 0C 00 00 18 00 00 58
1122,1714732272.9418318,00 00 08 00 00 01 00 00
1156,1714732272.961612,FE FB EF BF FF FE 03 40
1157,1714732272.97156,00 C3 2F 0F 1F 09 23 56
1635,1714732272.9815247,60 7F 00 0F 1F 00 40 E0
1158,1714732272.9817715,00 00 00 00 00 00 00 00
1413,1714732272.9820123,7F AC 02 C4 23 08 01 00
960,1714732272.9923909,FD 0C 07 00
1716,1714732272.9929166,01 4E 45 45 34 4D 5A 31
389231376,1714732272.9932723,80 08 3C C3 78 07 FF FF
389231376,1714732273.0432682,C0 00 00 00 00
1635,1714732273.081528,60 7F 00 0F 1F 00 40 E0
1122,1714732273.0916157,00 00 08 00 00 01 00 00
960,1714732273.092376,48 0D 07 00
452984848,1714732273.0998235,10 50 04 41 00 08 01 00
779,1714732273.100046,3F 00 00 00 18 00 00 58
441799848,1714732273.1435323,0C FE FF FF E7 FF FF 7F
1156,1714732273.1616173,FE FB EF BF FF FE 03 40
1603,1714732273.1673365,00 02 00 00 00 00 00 00
1157,1714732273.1715727,00 C3 2F 0F 1F 09 23 56
401604624,1714732273.1815748,28 10 8D FE FF FF 02 9F
1158,1714732273.1818132,00 00 00 00 00 00 00 00
1527,1714732273.1820748,80 FF FF FF FF FF E7 FF
1635,1714732273.182306,60 7F 00 0F 1F 00 40 E0
960,1714732273.192571,B8 0E 07 00
1716,1714732273.1929777,00 C9 6B 7C 8C 42 41 55
1122,1714732273.241717,00 00 08 00 00 01 00 00
401604848,1714732273.2650492,20 F0 00 00 14 1E 02 80
441800007,1714732273.2661617,00 C0 06 00 00 00 00 00
1635,1714732273.2815325,60 7F 00 0F 1F 00 40 E0
960,1714732273.2927063,0D 0F 07 00
452984848,1714732273.2998276,10 50 04 41 00 08 01 00
779,1714732273.30005,3F 04 00 00 18 00 00 58
1720,1714732273.3176916,2E 29 F8 F9 FF FE 00 00
1156,1714732273.3616226,FE FB EF BF FF FE 03 40
1157,1714732273.371578,00 C3 2F 0F 1F 09 23 56
1635,1714732273.3815353,60 7F 00 0F 1F 00 40 E0
1158,1714732273.3817818,00 00 00 00 00 00 00 00
1122,1714732273.3916323,00 00 08 00 00 01 00 00
960,1714732273.3928866,4C 00 07 00
1716,1714732273.3933306,02 37 31 30 30 39 32 31
879,1714732273.4591458,02 00 00 00 00 00 00 08
884,1714732273.4631236,86 0F 00 00 E8 A3 8F 3E
886,1714732273.465207,D2 A7 4F 9F 7E DF EB F7
888,1714732273.4730642,FA FF FF FF F2 00 00 00
891,1714732273.47521,20 09 23 56 1A 03 08 00
1364,1714732273.4770832,12 0D 80 56 00 00 00 00
1635,1714732273.481538,60 7F 00 0F 1F 00 40 E0
1719,1714732273.491824,04 00 D0 FF 3F 7E C0 FE
960,1714732273.4931314,F9 01 07 00
452984848,1714732273.4998386,10 50 04 41 00 08 01 00
779,1714732273.5000665,3F 08 00 00 18 00 00 58
441800008,1714732273.5215359,FF FF FF FF FF FF FF 13
1122,1714732273.541694,00 00 08 00 00 01 00 00
1156,1714732273.5616274,FE FB EF BF FF FE 03 40
1157,1714732273.5715811,00 C3 2F 0F 20 09 23 56
1635,1714732273.5815403,60 7F 00 0F 1F 00 40 E0
1158,1714732273.5817957,00 00 00 00 00 00 00 00
960,1714732273.5932353,09 02 07 00
1716,1714732273.5936818,00 C9 6B 7C 8C 42 41 55
441799848,1714732273.6423788,01 00 FF 3F 8F E7 22 56
1714,1714732273.6815426,00 04 00 30 39 26 66 34
1527,1714732273.6817768,80 FF FF FF FF FF E7 FF
401604624,1714732273.6820874,28 10 8D FE FF FF 02 9F
1635,1714732273.6823194,60 7F 00 0F 1F 00 40 E0
1122,1714732273.6915877,00 00 08 00 00 01 00 00
960,1714732273.6933863,BC 03 07 00
452984848,1714732273.6998382,10 50 04 41 00 08 01 00
779,1714732273.7000484,3F 0C 00 00 18 00 00 58
1156,1714732273.76159,FE FB EF BF FF FE 03 40
401604848,1714732273.7651448,20 F0 00 00 14 1E 02 80
441799980,1714732273.7662394,00 00 00 00 00 00 00 00
441800007,1714732273.7669415,00 C0 06 00 00 00 00 00
1157,1714732273.7715452,00 C3 2F 0F 20 09 23 56
1635,1714732273.781546,60 7F 00 0F 1F 00 40 E0
1158,1714732273.7817922,00 00 00 00 00 00 00 00
960,1714732273.7935889,C6 04 07 00
1716,1714732273.7939918,01 4E 45 45 34 4D 5A 31
1720,1714732273.8299131,2E 29 F8 F9 FF FE 00 00
1122,1714732273.8417034,00 00 08 00 00 01 00 00
1635,1714732273.881548,60 7F 00 0F 1F 00 40 E0
960,1714732273.8937156,73 05 07 00
452984848,1714732273.8998756,10 50 04 41 00 08 01 00
779,1714732273.9000828,3F 00 00 00 18 00 00 58
1156,1714732273.961595,FE FB EF BF FF FE 03 40
1157,1714732273.9715915,00 C3 2F 0F 20 09 23 56
1635,1714732273.9815507,60 7F 00 0F 1F 00 40 E0
1158,1714732273.9818265,00 00 00 00 00 00 00 00
1413,1714732273.9820523,7F AC 02 C4 23 08 01 00
1122,1714732273.9916387,00 00 08 00 00 01 00 00
960,1714732273.993913,83 06 07 00
1716,1714732273.9943554,00 C9 6B 7C 8C 42 41 55
389231376,1714732273.9951541,3C C4 0A
1635,1714732274.0815537,60 7F 00 0F 1F 00 40 E0
960,1714732274.0940812,36 07 07 00
452984848,1714732274.099859,10 50 04 41 00 08 01 00
779,1714732274.1000779,3F 04 00 00 18 00 00 58
1122,1714732274.14181,00 00 08 00 00 01 00 00
441799848,1714732274.1442082,08 FE FF FF E7 FF FF 7F
1156,1714732274.1615999,FE FB EF BF FF FE 03 40
1157,1714732274.1715963,00 C3 2F 0F 20 09 23 56
401604624,1714732274.1816008,28 10 8D FE FF FF 02 9F
1158,1714732274.1818721,00 00 00 00 00 00 00 00
1527,1714732274.1821053,80 FF FF FF FF FF E7 FF
1635,1714732274.1823342,60 7F 00 0F 1F 00 40 E0
1603,1714732274.1860652,00 02 00 00 00 00 00 00
960,1714732274.1942239,77 08 07 00
1716,1714732274.1950753,02 37 31 30 30 39 32 31
401604848,1714732274.2670827,20 F0 00 00 14 1E 02 80
441800007,1714732274.2681534,00 C0 06 00 00 00 00 00
1635,1714732274.2815588,60 7F 00 0F 1F 00 40 E0
1122,1714732274.2916465,00 00 08 00 00 01 00 00
960,1714732274.2944167,C2 09 07 00
452984848,1714732274.2998483,10 50 04 41 00 08 01 00
779,1714732274.3000648,3F 08 00 00 18 00 00 58
1720,1714732274.3377345,2E 29 F8 F9 FF FE 00 00
1156,1714732274.3616483,FE FB EF BF FF FE 03 40
1157,1714732274.3716042,00 C3 2F 0F 20 09 23 56
1635,1714732274.3815575,60 7F 00 0F 1F 00 40 E0
1158,1714732274.381804,00 00 00 00 00 00 00 00
960,1714732274.3946025,32 0A 07 00
1716,1714732274.395053,00 C9 6B 7C 8C 42 41 55
1122,1714732274.441753,00 00 08 00 00 01 00 00
879,1714732274.4591496,02 00 00 00 00 00 00 08
884,1714732274.472107,A7 0F 00 00 E8 A3 8F 3E
886,1714732274.474107,D3 A7 4F 9F 7E DF EB F7
888,1714732274.476061,FB FF FF FF F2 00 00 00
891,1714732274.479172,21 09 23 56 1A 02 0C 00
1364,1714732274.4810507,12 0D 80 76 00 00 00 00
441800008,1714732274.4816372,FF FF FF FF FF FF FF 13
1635,1714732274.4818552,60 7F 00 0F 1F 00 40 E0
960,1714732274.4947224,87 0B 07 00
452984848,1714732274.4999022,10 50 04 41 00 08 01 00
779,1714732274.5000865,3F 0C 00 00 18 00 00 58
1719,1714732274.5087998,04 00 D0 FF 3F 7E C0 FE
1156,1714732274.5616536,FE FB EF BF FF FE 03 40
1157,1714732274.5716069,00 C3 2F 0F 20 09 23 56
1635,1714732274.5815663,60 7F 00 0F 1F 00 40 E0
1158,1714732274.5818217,00 00 00 00 00 00 00 00
1122,1714732274.5917037,00 00 08 00 00 01 00 00
960,1714732274.5949326,FD 0C 07 00
1716,1714732274.595371,01 4E 45 45 34 4D 5A 31
441799848,1714732274.6423733,05 00 FF 3F 8F E7 22 56
1714,1714732274.6816044,00 04 00 30 39 26 E6 34
1527,1714732274.6818457,80 FF FF FF FF FF E7 FF
401604624,1714732274.6821134,28 10 8D FE FF FF 02 9F
1635,1714732274.6823406,60 7F 00 0F 1F 00 40 E0
960,1714732274.6950727,48 0D 07 00
452984848,1714732274.699869,10 50 04 41 00 08 01 00
779,1714732274.7001,3F 0F 00 00 18 00 00 58
1122,1714732274.7421079,00 00 08 00 00 01 00 00
1156,1714732274.761659,FE FB EF BF FF FE 03 40
401604848,1714732274.767096,20 F0 00 00 14 1E 02 80
441799980,1714732274.7682116,00 00 00 00 00 00 00 00
441800007,1714732274.7689724,00 C0 06 00 00 00 00 00
1157,1714732274.7716143,00 C3 2F 0F 20 09 23 56
1635,1714732274.781617,60 7F 00 0F 1F 00 40 E0
1158,1714732274.7818477,00 00 00 00 00 00 00 00
960,1714732274.7952433,B8 0E 07 00
1716,1714732274.7957041,00 C9 6B 7C 8C 42 41 55
1720,1714732274.8447464,2E 29 F8 F9 FF FE 00 00
1635,1714732274.8816147,60 7F 00 0F 1F 00 40 E0
1122,1714732274.8916657,00 00 08 00 00 01 00 00
960,1714732274.8954375,0D 0F 07 00
452984848,1714732274.8999171,10 50 04 41 00 08 01 00
779,1714732274.9001055,3F 03 00 00 18 00 00 58
1156,1714732274.9616647,FE FB EF BF FF FE 03 40
1157,1714732274.9716198,00 C3 2F 0F 20 09 23 56
1635,1714732274.981622,60 7F 00 0F 1F 00 40 E0
1158,1714732274.9818509,00 00 00 00 00 00 00 00
1413,1714732274.9820826,7F AC 02 C4 23 08 01 00
960,1714732274.9956172,4C 00 07 00
1716,1714732274.9960656,02 37 31 30 30 39 32 31
389231376,1714732274.9971545,3C CD 10
1122,1714732275.0417683,00 00 08 00 00 01 00 00
1635,1714732275.0816054,60 7F 00 0F 1F 00 40 E0
960,1714732275.0957463,F9 01 07 00
452984848,1714732275.0999103,10 50 04 41 00 08 01 00
779,1714732275.100111,3F 07 00 00 18 00 00 58
441799848,1714732275.143582,0C FE FF FF E7 FF FF 7F
1156,1714732275.1616697,FE FB EF BF FF FE 03 40
1157,1714732275.1716256,00 C3 2F 0F 20 09 23 56
401604624,1714732275.18167,28 10 8D FE FF FF 02 9F
1158,1714732275.181899,00 00 00 00 00 00 00 00
1527,1714732275.1821728,80 FF FF FF FF FF E7 FF
1635,1714732275.182394,60 7F 00 0F 1F 00 40 E0
1122,1714732275.191678,00 00 08 00 00 01 00 00
960,1714732275.1959252,09 02 07 00
1716,1714732275.1967616,00 C9 6B 7C 8C 42 41 55
1603,1714732275.199076,00 02 00 00 00 00 00 00
401604848,1714732275.2690551,20 F0 00 00 14 1E 02 80
441800007,1714732275.270132,00 C0 06 00 00 00 00 00
1635,1714732275.2816105,60 7F 00 0F 1F 00 40 E0
960,1714732275.2960918,BC 03 07 00
452984848,1714732275.2999732,10 50 04 41 00 08 01 00
779,1714732275.300183,3F 0B 00 00 18 00 00 58
1122,1714732275.3417816,00 00 08 00 00 01 00 00
1720,1714732275.3517625,2E 29 F8 F9 FF FE 00 00
1156,1714732275.3616633,FE FB EF BF FF FE 03 40
1157,1714732275.371586,00 C3 2F 0F 20 09 23 56
1635,1714732275.3816323,60 7F 00 0F 1F 00 40 E0
1158,1714732275.381864,00 00 00 00 00 00 00 00
960,1714732275.3962638,C6 04 07 00
1716,1714732275.3967288,01 4E 45 45 34 4D 5A 31
441800008,1714732275.4416344,FF FF FF FF FF FF FF 13
879,1714732275.4571276,00 00 00 00 00 00 00 08
884,1714732275.464106,90 0F 00 00 E8 A3 8F 3E
886,1714732275.4651544,D0 A7 4F 9F 7E DF EB F7
888,1714732275.4660864,F8 FF FF FF F2 00 00 00
891,1714732275.4672253,22 09 23 56 12 02 00 00
1364,1714732275.4681168,12 0D 80 16 00 00 00 00
1635,1714732275.481616,60 7F 00 0F 1F 00 40 E0
1122,1714732275.4916825,00 00 08 00 00 01 00 00
960,1714732275.4964507,73 05 07 00
452984848,1714732275.499916,10 50 04 41 00 08 01 00
779,1714732275.5001423,3F 0F 00 00 18 00 00 58
1719,1714732275.5243993,04 00 D0 FF 3F 7E C0 FE
1156,1714732275.5616803,FE FB EF BF FF FE 03 40
1157,1714732275.5716345,00 C2 2F 0F 22 09 23 56
1158,1714732275.5816808,00 00 00 00 00 00 00 00
1635,1714732275.5819087,60 7F 00 0F 1F 00 40 E0
960,1714732275.596635,83 06 07 00
1716,1714732275.59706,00 C9 6B 7C 8C 42 41 55
1122,1714732275.6417804,00 00 08 00 00 01 00 00
441799848,1714732275.6430027,01 00 FF 3F 8F E7 22 56
1714,1714732275.6816356,00 04 00 30 39 26 66 35
1527,1714732275.6818557,80 FF FF FF FF FF E7 FF
401604624,1714732275.682162,28 10 8D FE FF FF 02 9F
1635,1714732275.6823921,60 7F 00 0F 1F 00 40 E0
960,1714732275.696752,36 07 07 00
452984848,1714732275.6999404,10 50 04 41 00 08 01 00
779,1714732275.7001526,3F 03 00 00 18 00 00 58
1156,1714732275.7618332,FE FB EF BF FF FE 03 40
401604848,1714732275.7691195,20 F0 00 00 14 1E 02 80
441799980,1714732275.7702262,00 00 00 00 00 00 00 00
441800007,1714732275.7709553,00 C0 06 00 00 00 00 00
1157,1714732275.771641,00 C2 2F 0F 22 09 23 56
1158,1714732275.7816854,00 00 00 00 00 00 00 00
1635,1714732275.7819138,60 7F 00 0F 1F 00 40 E0
1122,1714732275.791686,00 00 08 00 00 01 00 00
960,1714732275.796962,77 08 07 00
1716,1714732275.7974284,02 37 31 30 30 39 32 31
1720,1714732275.857745,2E 29 F8 F9 FF FE 00 00
1635,1714732275.8816264,60 7F 00 0F 1F 00 40 E0
960,1714732275.897144,C2 09 07 00
452984848,1714732275.8999488,10 50 04 41 00 08 01 00
779,1714732275.9001546,3F 07 00 00 18 00 00 58
1122,1714732275.9417644,00 00 08 00 00 01 00 00
1156,1714732275.9619224,FE FB EF BF FF FE 03 40
1157,1714732275.9716432,00 C2 2F 0F 22 09 23 56
1158,1714732275.9816744,00 00 00 00 00 00 00 00
1413,1714732275.9819,7F AC 02 C4 23 08 01 00
1635,1714732275.982172,60 7F 00 0F 1F 00 40 E0
960,1714732275.9972801,32 0A 07 00
1716,1714732275.9977565,00 C9 6B 7C 8C 42 41 55
389231376,1714732275.9991975,3C CE 00 00 00
1635,1714732276.0816317,60 7F 00 0F 1F 00 40 E0
1122,1714732276.0916939,00 00 08 00 00 01 00 00
960,1714732276.097462,87 0B 07 00
452984848,1714732276.0999296,10 50 04 41 00 08 01 00
779,1714732276.1001558,3F 0B 00 00 18 00 00 58
441799848,1714732276.1436129,08 FE FF FF E7 FF FF 7F
1156,1714732276.1616957,FE FB EF BF FF FE 03 40
1157,1714732276.171775,00 C2 2F 0F 22 09 23 56
1158,1714732276.1816967,00 00 00 00 00 00 00 00
1527,1714732276.1819248,80 FF FF FF FF FF E7 FF
401604624,1714732276.1822405,28 10 8D FE FF FF 02 9F
1635,1714732276.1824632,60 7F 00 0F 1F 00 40 E0
960,1714732276.1976457,FD 0C 07 00
1716,1714732276.1984828,01 4E 45 45 34 4D 5A 31
1603,1714732276.2141035,00 02 00 00 00 00 00 00
1122,1714732276.241786,00 00 08 00 00 01 00 00
401604848,1714732276.2710369,20 F0 00 00 14 1E 02 80
441800007,1714732276.2721326,00 C0 06 00 00 00 00 00
1635,1714732276.2816365,60 7F 00 0F 1F 00 40 E0
960,1714732276.297797,48 0D 07 00
452984848,1714732276.2999713,10 50 04 41 00 08 01 00
779,1714732276.3001518,3F 0F 00 00 18 00 00 58
1156,1714732276.361701,FE FB EF BF FF FE 03 40
1720,1714732276.365738,2E 29 F8 F9 FF FE 00 00
1157,1714732276.3716555,00 C2 2F 0F 22 09 23 56
1158,1714732276.3817008,00 00 00 00 00 00 00 00
1635,1714732276.381924,60 7F 00 0F 1F 00 40 E0
1122,1714732276.3917017,00 00 08 00 00 01 00 00
960,1714732276.3979626,B8 0E 07 00
1716,1714732276.398458,00 C9 6B 7C 8C 42 41 55
441800008,1714732276.4017,FF FF FF FF FF FF FF 13
879,1714732276.4581432,01 00 00 00 00 00 00 08
884,1714732276.460107,85 0F 00 00 E8 A3 8F 3E
886,1714732276.4671075,D1 A7 4F 9F 7E DF EB F7
888,1714732276.468103,F9 FF FF FF F2 00 00 00
891,1714732276.4701335,23 09 23 56 12 02 04 00
1364,1714732276.4712238,12 0D 80 36 00 00 00 00
1635,1714732276.481642,60 7F 00 0F 1F 00 40 E0
960,1714732276.4981174,0D 0F 07 00
452984848,1714732276.4999802,10 50 04 41 00 08 01 00
779,1714732276.5001676,3F 03 00 00 18 00 00 58
1719,1714732276.5400164,04 00 D0 FF 3F 7E C0 FE
1122,1714732276.5418339,00 00 08 00 00 01 00 00
1156,1714732276.5617058,FE FB EF BF FF FE 03 40
1157,1714732276.5716615,00 C2 2F 0F 23 09 23 56
1158,1714732276.581705,00 00 00 00 00 00 00 00
1635,1714732276.5819385,60 7F 00 0F 1F 00 40 E0
960,1714732276.5983407,4C 00 07 00
1716,1714732276.598781,02 37 31 30 30 39 32 31
441799848,1714732276.6424522,05 00 FF 3F 8F E7 22 56
1714,1714732276.6816626,00 04 00 30 39 26 E6 35
1527,1714732276.6818974,80 FF FF FF FF FF E7 FF
401604624,1714732276.6822114,28 10 8D FE FF FF 02 9F
1635,1714732276.6824334,60 7F 00 0F 1F 00 40 E0
1122,1714732276.691719,00 00 08 00 00 01 00 00
960,1714732276.698469,F9 01 07 00
452984848,1714732276.6999636,10 50 04 41 00 08 01 00
779,1714732276.7001848,3F 07 00 00 18 00 00 58
1156,1714732276.7617114,FE FB EF BF FF FE 03 40
401604848,1714732276.7710717,20 F0 00 00 14 1E 02 80
1157,1714732276.7716663,00 C2 2F 0F 23 09 23 56
441799980,1714732276.7722576,00 00 00 00 00 00 00 00
441800007,1714732276.7729566,00 C0 06 00 00 00 00 00
1158,1714732276.781711,00 00 00 00 00 00 00 00
1635,1714732276.7819457,60 7F 00 0F 1F 00 40 E0
960,1714732276.7986596,09 02 07 00
1716,1714732276.799112,00 C9 6B 7C 8C 42 41 55
1122,1714732276.841806,00 00 08 00 00 01 00 00
1720,1714732276.87595,2E 29 F8 F9 FF FE 00 00
1635,1714732276.881679,60 7F 00 0F 1F 00 40 E0
960,1714732276.8988464,BC 03 07 00
452984848,1714732276.8999734,10 50 04 41 00 08 01 00
779,1714732276.900186,3F 0B 00 00 18 00 00 58
1156,1714732276.9616728,FE FB EF BF FF FE 03 40
1157,1714732276.9716716,00 C2 2F 0F 23 09 23 56
1635,1714732276.9816806,60 7F 00 0F 1F 00 40 E0
1158,1714732276.9819448,00 00 00 00 00 00 00 00
1413,1714732276.9821687,7F AC 02 C4 23 08 01 00
1122,1714732276.9917154,00 00 08 00 00 01 00 00
960,1714732276.9989762,C6 04 07 00
1716,1714732276.999423,01 4E 45 45 34 4D 5A 31
389231376,1714732277.0011206,3C CF 00
1635,1714732277.0817153,60 7F 00 0F 1F 00 40 E0
960,1714732277.099158,73 05 07 00
452984848,1714732277.099982,10 50 04 41 00 08 01 00
779,1714732277.1002069,3F 0F 00 00 18 00 00 58
1122,1714732277.1418161,00 00 08 00 00 01 00 00
441799848,1714732277.1438932,0C FE FF FF E7 FF FF 7F
1156,1714732277.161721,FE FB EF BF FF FE 03 40
1157,1714732277.1716745,00 C2 2F 0F 23 09 23 56
1158,1714732277.1817038,00 00 00 00 00 00 00 00
1527,1714732277.1819398,80 FF FF FF FF FF E7 FF
401604624,1714732277.1822557,28 10 8D FE FF FF 02 9F
1635,1714732277.1824872,60 7F 00 0F 1F 00 40 E0
960,1714732277.1993313,83 06 07 00
1716,1714732277.200188,00 C9 6B 7C 8C 42 41 55
1603,1714732277.2336357,00 02 00 00 00 00 00 00
401604848,1714732277.2730415,20 F0 00 00 14 1E 02 80
441800007,1714732277.2741337,00 C0 06 00 00 00 00 00
1635,1714732277.2816887,60 7F 00 0F 1F 00 40 E0
1122,1714732277.291723,00 00 08 00 00 01 00 00
960,1714732277.2994797,36 07 07 00
452984848,1714732277.3000193,10 50 04 41 00 08 01 00
779,1714732277.3002071,3F 03 00 00 18 00 00 58
1156,1714732277.360684,FE FB EF BF FF FE 03 40
441800008,1714732277.3617342,FF FF FF FF FF FF FF 13
1157,1714732277.370687,00 C2 2F 0F 23 09 23 56
1158,1714732277.3806915,00 00 00 00 00 00 00 00
1635,1714732277.381722,60 7F 00 0F 1F 00 40 E0
1720,1714732277.3857956,2E 29 F8 F9 FF FE 00 00
960,1714732277.4000463,77 08 07 00
1716,1714732277.4002426,02 37 31 30 30 39 32 31
1122,1714732277.440772,00 00 08 00 00 01 00 00
879,1714732277.4610894,02 00 00 00 00 00 00 08
884,1714732277.4681633,A6 0F 00 00 E8 A3 8F 3E
886,1714732277.47009,D2 A7 4F 9F 7E DF EB F7
888,1714732277.4710648,FA FF FF FF F2 00 00 00
891,1714732277.4732277,24 09 23 56 12 02 08 00
1364,1714732277.474465,12 0D 80 56 00 00 00 00
1635,1714732277.4816945,60 7F 00 0F 1F 00 40 E0
452984848,1714732277.5000265,10 50 04 41 00 08 01 00
779,1714732277.5002074,3F 07 00 00 18 00 00 58
960,1714732277.5004184,C2 09 07 00
1719,1714732277.5578635,04 00 D0 FF 3F 7E C0 FE
1156,1714732277.5606887,FE FB EF BF FF FE 03 40
1157,1714732277.5706844,00 C2 2F 0F 24 09 23 56
1158,1714732277.5808566,00 00 00 00 00 00 00 00
1635,1714732277.5817194,60 7F 00 0F 1F 00 40 E0
1122,1714732277.5907826,00 00 08 00 00 01 00 00
960,1714732277.6003132,32 0A 07 00
1716,1714732277.6005476,00 C9 6B 7C 8C 42 41 55
441799848,1714732277.6414084,01 00 FF 3F 8F E7 22 56
1714,1714732277.6816869,00 04 00 30 39 26 66 36
1527,1714732277.6819503,80 FF FF FF FF FF E7 FF
401604624,1714732277.6822574,28 10 8D FE FF FF 02 9F
1635,1714732277.6824799,60 7F 00 0F 1F 00 40 E0
452984848,1714732277.6999958,10 50 04 41 00 08 01 00
779,1714732277.70023,3F 0A 00 00 18 00 00 58
960,1714732277.7006903,87 0B 07 00
1122,1714732277.740781,00 00 08 00 00 01 00 00
1156,1714732277.7607367,FE FB EF BF FF FE 03 40
1157,1714732277.770729,00 C2 2F 0F 24 09 23 56
401604848,1714732277.7731192,20 F0 00 00 14 1E 02 80
441799980,1714732277.774192,00 00 00 00 00 00 00 00
441800007,1714732277.7749472,00 C0 06 00 00 00 00 00
1158,1714732277.7807016,00 00 00 00 00 00 00 00
1635,1714732277.7817323,60 7F 00 0F 1F 00 40 E0
960,1714732277.800339,FD 0C 07 00
1716,1714732277.8007834,01 4E 45 45 34 4D 5A 31
1635,1714732277.8817048,60 7F 00 0F 1F 00 40 E0
1122,1714732277.8907924,00 00 08 00 00 01 00 00
1720,1714732277.8957777,2E 29 F8 F9 FF FE 00 00
452984848,1714732277.9000351,10 50 04 41 00 08 01 00
779,1714732277.9002204,3F 0E 00 00 18 00 00 58
960,1714732277.9007063,48 0D 07 00
1156,1714732277.9607422,FE FB EF BF FF FE 03 40
1157,1714732277.9707284,00 C2 2F 0F 24 09 23 56
1158,1714732277.9807417,00 00 00 00 00 00 00 00
1635,1714732277.9817376,60 7F 00 0F 1F 00 40 E0
1413,1714732277.9819849,7F AC 02 C4 23 08 01 00
960,1714732278.0006952,B8 0E 07 00
1716,1714732278.001126,00 C9 6B 7C 8C 42 41 55
389231376,1714732278.0031254,3C D0 05 00
1122,1714732278.0407903,00 00 08 00 00 01 00 00
1635,1714732278.0817528,60 7F 00 0F 1F 00 40 E0
452984848,1714732278.1000218,10 50 04 41 00 08 01 00
779,1714732278.1002514,3F 02 00 00 18 00 00 58
960,1714732278.1009204,0D 0F 07 00
441799848,1714732278.1423657,08 FE FF FF E7 FF FF 7F
1156,1714732278.1608286,FE FB EF BF FF FE 03 40
1157,1714732278.170695,00 C2 2F 0F 24 09 23 56
1158,1714732278.1807473,00 00 00 00 00 00 00 00
401604624,1714732278.181786,28 10 8D FE FF FF 02 9F
1527,1714732278.1820183,80 FF FF FF FF FF E7 FF
1635,1714732278.1822858,60 7F 00 0F 1F 00 40 E0
1122,1714732278.1907964,00 00 08 00 00 01 00 00
960,1714732278.2010114,4C 00 07 00
1716,1714732278.201886,02 37 31 30 30 39 32 31
1603,1714732278.2511232,00 02 00 00 00 00 00 00
401604848,1714732278.2750676,20 F0 00 00 14 1E 02 80
441800007,1714732278.2761323,00 C0 06 00 00 00 00 00
1635,1714732278.281758,60 7F 00 0F 1F 00 40 E0
452984848,1714732278.3000512,10 50 04 41 00 08 01 00
779,1714732278.300258,3F 06 00 00 18 00 00 58
960,1714732278.3012733,F9 01 07 00
441800008,1714732278.3217592,FF FF FF FF FF FF FF 13
1122,1714732278.3407974,00 00 08 00 00 01 00 00
1156,1714732278.3607523,FE FB EF BF FF FE 03 40
1157,1714732278.3707051,00 C2 2F 0F 24 09 23 56
1158,1714732278.3807364,00 00 00 00 00 00 00 00
1635,1714732278.3817477,60 7F 00 0F 1F 00 40 E0
960,1714732278.4013827,09 02 07 00
1716,1714732278.4018404,00 C9 6B 7C 8C 42 41 55
1720,1714732278.4038866,2E 29 F8 F9 FF FE 00 00
879,1714732278.4571025,03 00 00 00 00 00 00 08
884,1714732278.4591374,7F 0F 00 00 E8 A3 8F 3E
886,1714732278.4660947,D3 A7 4F 9F 7E DF EB F7
888,1714732278.4680507,FB FF FF FF F2 00 00 00
891,1714732278.4701364,25 09 23 56 0A 01 0C 00
1364,1714732278.4720492,12 0D 80 76 00 00 00 00
1635,1714732278.4817631,60 7F 00 0F 1F 00 40 E0
1122,1714732278.4908028,00 00 08 00 00 01 00 00
452984848,1714732278.500051,10 50 04 41 00 08 01 00
779,1714732278.5002635,3F 0A 00 00 18 00 00 58
960,1714732278.501542,BC 03 07 00
1156,1714732278.5607572,FE FB EF BF FF FE 03 40
1157,1714732278.570713,00 C1 2F 0F 25 09 23 56
1719,1714732278.578144,04 00 D0 FF 3F 7E C0 FE
1158,1714732278.5808003,00 00 00 00 00 00 00 00
1635,1714732278.5817535,60 7F 00 0F 1F 00 40 E0
960,1714732278.6017106,C6 04 07 00
1716,1714732278.6021643,01 4E 45 45 34 4D 5A 31
1122,1714732278.640832,00 00 08 00 00 01 00 00
441799848,1714732278.6421049,05 00 FF 3F 8F E7 22 56
1714,1714732278.681726,00 04 00 30 39 26 E6 36
1527,1714732278.6819894,80 FF FF FF FF FF E7 FF
401604624,1714732278.682259,28 10 8D FE FF FF 02 9F
1635,1714732278.6825278,60 7F 00 0F 1F 00 40 E0
452984848,1714732278.7000606,10 50 04 41 00 08 01 00
779,1714732278.700268,3F 0E 00 00 18 00 00 58
960,1714732278.7018692,73 05 07 00
1156,1714732278.7607627,FE FB EF BF FF FE 03 40
1157,1714732278.7706745,00 C1 2F 0F 25 09 23 56
401604848,1714732278.7750804,20 F0 00 00 14 1E 02 80
441799980,1714732278.7761717,00 00 00 00 00 00 00 00
441800007,1714732278.776949,00 C0 06 00 00 00 00 00
1158,1714732278.7807703,00 00 00 00 00 00 00 00
1635,1714732278.7817707,60 7F 00 0F 1F 00 40 E0
1122,1714732278.7908938,00 00 08 00 00 01 00 00
960,1714732278.8020477,83 06 07 00
1716,1714732278.8025014,00 C9 6B 7C 8C 42 41 55
1635,1714732278.8817616,60 7F 00 0F 1F 00 40 E0
452984848,1714732278.9000716,10 50 04 41 00 08 01 00
779,1714732278.9003003,3F 02 00 00 18 00 00 58
960,1714732278.902209,36 07 07 00
1720,1714732278.9138165,2E 29 F8 F9 FF FE 00 00
1122,1714732278.9408133,00 00 08 00 00 01 00 00
